path	bytes	sha256	functions
.github/scripts/bandit_differential.py	4677	5b9c9e27eda4481c4c9e41161a58075316a09859d35e72c45268c26a1368778a	7
research/__init__.py	1612	b652a4aab48b3a4d98896c152e73a2698d4372936afc2412296b7ca22492dffe	0
research/ablation.py	13306	607ba5150f9e2ae31b5a4a27f8b7dc24604dd8d8a17d4f5974188351ab23580c	13
research/candidate_runner.py	9628	05294298886c1d0ec9f18c6276e7b9a1ecfd5e50f23cf76c549e66928d82831d	6
research/candidate_search.py	19593	c6a936b2f327327d377e904b3db1d576e7cf723c1fb9e78f259d551becdf2385	19
research/capital_holding_attribution.py	6187	4bb4ad38202b3a6a62a5f3ccc8e749428e620ecf6b14aeb77bfe3f8693798ff8	3
research/causal_price_series.py	3795	0c8bb21b7b9ee28d551913a5c75cbcd21f78403ba3af9ef1d475a0b7101aa3e6	3
research/committed_economic_equivalence.py	11360	6d2a8a8933425f0ae19c184bc67d1c944f8e6006772c3fe33ad82251d9ac5576	10
research/cross_ai_acceptance.py	16921	c954fc98300c4af864c29f5c513a24bf17ba9e0fd95b3ca645bfafdfee37e35f	7
research/cross_ai_benchmark.py	30448	1ba498a0a73c759101dbdfb835f16bdb11975a2b3f69319ec0665d1303e271a8	10
research/cross_ai_robustness.py	24925	a5b71717bda4759e66d458a5b3ea1999fbb9374be83099aed202e941969f7ca1	21
research/cross_ai_strategy.py	23537	f67d1ae19ddb2032202d6cf1f2fc139a3a455b5979793628c88e2ad94b4e481c	10
research/current_heads.py	25405	205ab34153b5eae48ebb8c6f16c0320303f95d2eafa8eabe3a3b9b928ad7aa67	13
research/current_heads_competitor_matrix.py	51688	201c857150caab53a0e9b0e8186befaf257cabd756a05be425580d47acec8ec3	32
research/execution_stress.py	11652	cdb2f1aca30a9fb7a4dbe6f54c0b25ccf032dcf2eded18d08fd239e5b44538a2	9
research/first_divergence.py	14305	5d8548f6bb3e2ce44bf73b2428ea26849fe08204b134921354d8c1ced9dffdb1	17
research/five_window_outperformance.py	24154	1b199c38d3dec619ea08c236f322ea93d72f38a78b3799696c785fab16d7508f	16
research/fixed_promotion_screen.py	5958	6e0d72ff726dc6747e7eba328f82a80ff5a1d7eddb73e56f4b363322eb732987	2
research/future_holdout_cli.py	21025	500a568df0e0215bd7b203287425cd83f2023c048e5e788bf8e1eb863a9be7d9	10
research/global_bottleneck_audit.py	7000	c3202617778a25fc1c3e774d47e960f03f6c0be8b2d4405a44fb45a8c62d6e47	2
research/historical_cohort_audit.py	5506	f333951c09f4646590ecf07e8d9e6c5afa7b76c3fb897e1506e19ab47c34119a	2
research/historical_prices.py	5833	5011e8e8b21e6bbe664ac4b08cad91dd79a9a039e358045d918e447608d9d16b	4
research/https_input.py	1592	adcc11f8b47617bdacbf64a48714a00822768bc42b2043f9f2aec289eac2f42c	1
research/industry_input_audit.py	7425	6671376b379c7fd7cdbe605883a241d41c258b7c5ae2806088cf1e8441415d77	5
research/industry_input_compare.py	9678	971250b834c606e3f6d1b894d1b64c44f28518bfe32528abd645a73bd0cfc9e3	6
research/industry_input_replay.py	2570	744152bb1cc8f7076e649e42b637af58dbd10a283ba90a88e1bd791ecdcac3d2	1
research/opportunity_capture_audit.py	14727	444140c39bb3a97b58cb0afe78550befba695d4439af8d043fa1fe6aedc521dc	11
research/ordinary_sector_audit.py	3371	aac836d0e9704639b7ef619c282bed67d5d30d13195a50c5a680aef6b5ad5afc	2
research/parameter_stress.py	3229	07675e35c65600f830922270d895c0617871c0d246e13a9a4c5be97ee7bc8be5	4
research/performance_diagnostic.py	14747	d4b66943c9b554595b96f580efc834f2f294ff4bd186c7a4aaf98370b1f0dc60	20
research/qualification_episode_audit.py	10859	e7655def631a2ac01b1eef155746df27f8e263a1fd6819b0403a4544e38114f4	1
research/revenue_reports.py	9174	69c95bca4adc41ad033aade3c1baa7d0a89f72c0087f866431dc2c6a426a263e	11
research/revenue_signal_audit.py	7239	6f93ed3f491b011d9e4c0e8fa23727439f8477f0a0d1accc8ee7d2c0a01fbe9c	3
research/risk_counterfactual.py	7724	8f8fb6f511eb7a9a254cbf343ba7ec849f184252b4b30c5b0ae3d795cde8fb81	10
research/risk_counterfactual_cli.py	18950	656a4133c570414b087734ed937274aa03eb876f117588f3c9bf7eb74a18ad28	9
research/risk_differential.py	13894	dc8f5e496ff4b0e01c645bc4afd6d090de5128e43c342ebe071e46e64b18d558	10
research/risk_differential_analysis.py	37632	d7b0ca46d830c2fea2824b663546840cbc27b1f7784557993be955968391f4a2	15
research/risk_differential_cli.py	58469	df2f8f5012bbe4d857b724a20f46b3e8af053738d64bbfcb2bb82dfa15a87937	23
research/risk_differential_models.py	9929	62a2533a58395df58e4898f44a0d57a8dc968194de3ad67520eeba23a3e2a912	12
research/risk_replay_runtime.py	12078	fe8f49c9ad6382405e2722b5e6c03f2238799586dc74d28fe04e58e6825edef9	8
research/sentinel_evidence_closure.py	10406	0fbed07c6da37e887e947b1b1edb1ab2e0f77015800d0c89e9fb2b3e9b28b5cc	9
research/source_unit_replay.py	2866	c3eda5073773566a213cdc43186c708347cc97c4cfd973660270d365434db662	1
research/statistics.py	4800	cf821f685a8e63ca04346789c1ae500b3ca79039b97400394a9c7687235e3f09	3
research/strategic_evidence/__init__.py	250	2c328286bf58cdc433750c406bee2364a369bd9a6c42dd1bd2b455dbf94334fc	0
research/strategic_evidence/absolute_policy.py	23219	f15fd5ac9b94203316bed4d889d2dacf2a8d9dabc06c4815482b0bf780877a84	16
research/strategic_evidence/contract.py	4308	222fcb0dffba7b61d31c8427ae115b9e22ce6578e0bdb7e9b6854d133ed4e489	2
research/strategic_evidence/forced_owner.py	45901	d3fa0819f8d3b881f12cb1a5a88aa9903c4d95e2fe0651ef94f223cfca0a129e	32
research/strategic_evidence/forced_owner_runner.py	36004	cfbff95a82b71353b30d08a5a7855533c41eaa81b00e248185bbe73b86403cb1	20
research/strategic_evidence/intervention.py	34409	68e35e758cb8475ad65296b12ca17d01ee1d4d4475afc7552b97f30f9f9a8752	15
research/strategic_evidence/models.py	1151	a011b55a9353f1f472e14122a680f801e22da8c7d230d0b9aca98fea80ddc8e6	3
research/strategic_evidence/provenance.py	9362	ba740effccf4e4773fd16e2f7898e63ed4cba70e15de69a995b369795f6219e2	8
research/strategic_evidence/reachability.py	88598	556afc7b6d980bca6942ee799c154357b72f86fb00c5b417121535a26f6190ac	43
research/strategic_evidence/reachability_runner.py	15827	318a27bd0ad2795d02b0886306cb2283ce2829d85c90d22ebcac4be0b89e5d35	14
research/strategic_evidence/replay.py	15926	3412f171f5ba9e82e738b5285abb71f91d12309a8bb41a9451bdfbbe2c453e22	10
research/strategic_evidence/report.py	53293	cc6f5470dbd46dc2cc74ad14e318c04e8a4996bdf03b0a95df0cc422da77ccdd	23
research/strategic_evidence/trace.py	3842	fc69053c6747597dc2d1da81dd1c2dbad9e333d6d29436b34504e743e9c1fa6a	4
research/strategic_evidence/witness_ablation.py	37677	dab886e5034368ae1b6c984d2fc3076c8f7d692fbc372e01b4341ef6977dd635	33
research/strategic_evidence/witness_ablation_runner.py	93778	7139b6aea3875cf10b660486bcc2d7f3683ae9fddb2a0c46be3262f9c1369019	57
research/tencent_history_adapter.py	17287	5c6e27b8a7cdee9b167858e520e81ddba2e8f2f27508fc40d7cd0afe1a1e0d3e	15
research/trade_attribution.py	3262	6721c5f741112d0779ded60738f305150f897149855365026553e8a57f3e8073	2
research/universe_stress.py	1085	33f69e703b6ac2b31f577414cfdf552267b9114cfe10fe9f91d957abe63fd978	1
research/window_competitor_adapter.py	43183	35c137e9c74f7430f2c12d80f2698c55ca168d2d1f0c3635b9797c586da8dfd9	35
research/window_matrix.py	5795	0e06204dd34758589a8258adadc14b4071b124c8d7d8847f10f77448277d3098	5
research/window_outperformance.py	13238	838fed5c8d6ef360e932a6a0e1abb8b51f2783312489f94bbd905b29afcb76a4	11
scripts/__init__.py	57	7fada2eec2491ad844f35caf87088c5b3835482583dad29e75cbdeb353546fc1	0
scripts/analyze_risk_differential.py	215	6b97a2a12bb99e7b0e7de52aa2608186b289476d5d21110de855bfcbce4f15bd	0
scripts/backfill_tencent_history.py	179	78ff82140f9e83406a226fbd8660d8bb1b3c601d4630209f9ed3d0847e7d12f5	0
scripts/build_reproducible_wheel.py	7897	44a7453219d8830574c1891f06e0fd7f4d878771c734620c7434e763f1e37be4	10
scripts/future_holdout.py	152	70d92ed33d46022723e89119a20451d21c66f4f5add17a875006dcef53c67954	0
scripts/production_observation.py	6285	1a372bb4bfb8939a0a0bb1e1034a859f9759e82b3a0feebb3b0ef73e790c6e5e	9
scripts/run_absolute_generalization_acceptance.py	29926	9e591d769b5dbe8d08dd30324871bcbe32a811cdca858834032aa6b709a05655	28
scripts/run_current_heads_competitor_matrix.py	178	796fc7b52bd9ae7fbcf6101144f919a6e200bf5c354c1123c5ed22f205ea509f	0
scripts/run_five_window_outperformance.py	168	23cb47fbbac2d72bf0a5713fb2f28df9c7a1484ef4b74e89af3f5daa80f805a9	0
scripts/run_pareto_evidence.py	5304	e9df6cd75e188c46fcb3a22a035558c396520e9fa83e34fe1f529486d6b6da28	6
scripts/run_performance_diagnostic.py	192	114543433045cdb4f78180ef61072e6c79f0d4000244134061bfaecffd5db2ae	0
scripts/run_risk_counterfactual.py	187	8a4bdea4eedcf026d164064a1b983d3aeaad9d0dd81b9868f8edaf748dbd44b8	0
scripts/run_risk_differential.py	158	e97f07d0204abc5be34c8e3b694f969889f9fa7794c337753aacaf0dc6496965	0
scripts/run_strategic_evidence_closure.py	7171	a79879c347b74bbb23c624cbbc71fd69916d49f77ba28d33f503df49d4822cd3	8
scripts/run_strategic_grant_acceptance.py	13888	701054903f1d2ebaa9d3cb6ec54acb40764f9af9e5c96fb3f693fa4fc9acbb37	15
scripts/run_strategic_ownership_acceptance.py	79715	4397dd77601231b0f925f7829a4f5d27bb9e92ce9eaaecaee23f850ec3f0b3fe	49
scripts/run_window_competitor_adapter.py	166	f31053f589a806d2b6191bba6509956b29148551ea9c9497676ac3ba811ec843	0
scripts/run_window_outperformance.py	158	87bd0f73852bc39bb5df742cfd46695259e122b35adc292e2e97d1932dcf5f97	0
scripts/verify_decision_equivalence.py	1072	aeb8f4fd2b62c40eb7305b9be22366e57743f372fecbcf2d64c4ab254a8838d1	1
setup.py	1462	2f377dc92fd450196ce5de850130f734071490beb719281566a926dbf41850da	1
tests/_absolute_contract_fixture.py	803	d4c3810d38f8e472f3b3ac829c64ecedfd253937d978fee8d63a2a3b7a19c1dd	1
tests/_absolute_generalization_acceptance_fixture.py	28310	4c0ad3b2a6ca54bfec7e7359a0b98de2ea14866a03e1f20be55b8cc76b1e77d6	26
tests/_absolute_generalization_metrics_fixture.py	33992	8a42368b22ff217fb9adc9c943fffab3cc1233d09b05c35ad33f1b2c41919932	20
tests/_absolute_generalization_reachability_fixture.py	5862	d38420a425dc942e4693b75bcac621b17bab654b8449fa2ab493e780121c1f03	3
tests/_attribution_identity_reconciliation_cases.py	7182	46405304442396a7c9c1799e6be2313f8d799adbd2af1cb60774a54bb5d2fe0e	6
tests/_attribution_identity_retention_cases.py	23638	d4d3fecca7788d475d720452a84fdf6f51d03637124144831affc7ebc0547272	13
tests/_attribution_identity_schema_cases.py	3226	ef55ecaa69ae0f203a027953286fb750a1147291a03c2041dc0f2c909e3e35d8	2
tests/_engine_account_and_metrics_cases.py	10211	b79f73dbd60f0e120e2e0d67626490019320c9298e3bafdcf6df4a2a934b9aa8	17
tests/_engine_decision_state_cases.py	5814	ab0f5dd209d9cc42fd1026d1237b7c5e541c38caef94f20327f47e2977ed20b1	10
tests/_engineering_holdout_observation_cases.py	12351	6e6118a5deb38af971e78a5990b5f59aaa2129f3f9dcd1fe5e3a53c137d5ed40	6
tests/_engineering_provenance_universe_cases.py	3817	3e44c90e64a066198f74a97ccac21e5d06d24028387b86c44baef4ffb2e7997b	2
tests/_execution_order_lifecycle_cases.py	19186	dd7f8a709733d05b038de02334d3b9effa8011dad74630e4562e6147fbbc57bf	15
tests/_execution_risk_and_fill_cases.py	15346	2e3c8b375e33b4c37664665668d1581c9ff97bd97b500fa2c72d091eda044ca1	4
tests/_future_holdout_carrier_identity_cases.py	8035	a80a06007d7e78984bcc1d93625093e7a555a39354264676b42a9efcf36af5a0	8
tests/_future_holdout_replay_binding_cases.py	12237	b7804641568181c4b98af8da4285c1ecd36c5cf8adfd71402a40385c5b91fa32	7
tests/_future_holdout_transaction_recovery_cases.py	16740	aa7acc10dabcf05b4c447232242653a43dfed8fe5dc97d90d35b5d96362cc49b	19
tests/_generalization_matrix_projection_cases.py	13128	9b267f0fa0ffeae5ebb23067d119385d76f54fb8c5984bc3e76a827da02c2804	9
tests/_generalization_matrix_provenance_cases.py	17747	e8a5b18fddba6ab8e92e83fd4480f44f040dde075824e874ff1234234aff4507	16
tests/_generalization_matrix_replay_cases.py	16674	6007ba5631e75c3d5f0fa26fd1c3d4f5bf2b0cda631cf326777e018ecc47261f	12
tests/_generalization_matrix_validation_cases.py	9207	f42dec9fadad9e3806cd063471ebb9ab956ab172937380281f2f0aa11a2d803c	6
tests/_generalization_policy_cases.py	9742	944954697c5b09d770c9f07372a4f4c9f138bdb7f29b16c8d488ffa01aa6d799	7
tests/_generalization_runner_cases.py	6355	c04ed704376bc595e8cebe93b44a5b8130bd9ffe35b2817db5969bb3a9e2b815	3
tests/_generalization_validation_metrics_cases.py	10722	080633b432a1bdefe21182cb16950c838208f4da9ab2fde7db46390cf286281a	8
tests/_lifecycle_freeze_execution_cases.py	12790	7260a9c3a0928dacfc83758b592b83d23882e7030d43fbeac7093960332976f0	4
tests/_lifecycle_freeze_tactical_probe_cases.py	27652	d2c335d69ed966196d3b86ab5f3abdadc0572cf802b65910000ee7daae8f4f06	16
tests/_lifecycle_leader_recovery_cases.py	24184	3561a7edc201c3f4f721d7f90b93690ffbb981497030cbd09d7b995a5cabfe8e	12
tests/_lifecycle_protected_repair_cases.py	20986	f66db0a2c094e4905fecaff086c77bbe94f4d32b347adf8699ac4a8918bf2d90	7
tests/_lifecycle_recovery_admission_cases.py	18697	fee542b814f44ab669af995b7b35e1f73273a35e4b32e4a6d10c4ae5cbc4112c	8
tests/_lifecycle_restoration_risk_cases.py	29979	4c370adcfce8197da7029c43f54aebea85b85c4a70f91542c0a8bbcb68fe3b6f	15
tests/_lifecycle_strategic_cohort_cases.py	36822	8f6d035f4f538100e3f0825bc4b76063e85b7172074a82c89cebe414e3995efa	24
tests/_lifecycle_strategic_discovery_cases.py	20364	d8a244e68c9575eec832005652819b9f1e4eed5a5e58d2c50215bcb7ff8060c4	15
tests/_lifecycle_strategic_guard_cases.py	34494	1bda09182a3238bf14387062b89957b777dfe47dc2688ef3f956268da6134cfc	18
tests/_lifecycle_strategic_restore_cases.py	36816	d75c081ab07ee895f74ced01235f1fa1424e6efc3837543951fe202d71ab2d97	18
tests/_recovery_post_shock_cases.py	7845	7acb71061cf5dd7178a255f9b3fcd8197b8cf56c1b52508d9ebd1a5fcac68de2	4
tests/_recovery_restore_completion_cases.py	14070	ff392bb976e846f1b937eb32aeb4dbec19e11b244d609117c908c5138c620919	8
tests/_risk_transition_overlay_budget_cases.py	7410	e8f5c07a2daa81378d01c7db25646f04bde643fd4b4483b9dc02b31da894987a	6
tests/_risk_transition_strategic_cap_cases.py	9684	5fb311ed0e83292701ceb926963ad6d785846ce897310dbea1de4c68bf968cb4	6
tests/architecture/__init__.py	62	69b9312eacf66a47bf6c2fa4f0bf930684de345e202de60de16bc6d056822ad9	0
tests/architecture/_analysis.py	25661	cda36a543e18cbf485ae6db0a940b0e28087a0873768c7a34baf61fc8f39250a	22
tests/architecture/_analysis_authorities.py	32491	2496b7f8238e8b367fa6e4b3b82a19f4e077b83b1b804624f6926b7b0486dffd	0
tests/architecture/_analysis_debt.py	41296	97034ef02b4798a928574766ea970af45eaab83a31bc14528552cb02299c59bf	41
tests/architecture/_analysis_relocations.py	24048	b2cc88da228922a38a601c3df3b7577a9c6621c099d6748815bdea5bbe4a27a1	0
tests/architecture/_baseline.py	3576	4d2ad61b65b79d76788875c489045afc67c6a604ff5aff6e96056ac7a8d61291	0
tests/architecture/_cli_transport.py	18732	e29db84a8425778623675828825f6340ee797cc016ace5a2f032f11c4285be2c	18
tests/architecture/_code_audit_api_projection.py	2515	d86b67ddf0a5529b7fc44066275b643d9ef27cb1aa62e0fe2b74985885433a19	2
tests/architecture/_compatibility_baseline.py	37590	15621ca7fc4b5b20a8de24de357b93fc05d100ff824d75b0b8463b74192c1747	44
tests/architecture/_compatibility_validation_runtime.py	24623	e6ebf33e10069538012ed84cb760b863f4fa85e433289ba34b1a400279e8efd4	15
tests/architecture/_config_transport.py	12444	9e81ee4a88a14afec546b92d8c6b43495a56d5274cfea931e0d1477e712acc2b	15
tests/architecture/_cross_vintage_api_projection.py	2985	52b2eb4d106a9420761d0e78f8bf6174b0a5154d016875de2925fa31a916fcba	2
tests/architecture/_execution_application_transport.py	13365	4def1b12a454cd339201ab274646652a8a9b266eb0b3b285a077e929c6e4d756	10
tests/architecture/_explicit_delegation.py	2781	f89468e7bddd698e422dae638ceb4fe6a0ca929b396f5f40fcac1439aea4d68b	3
tests/architecture/_generate_baselines.py	19456	88231fbeaca4c7c5a5e3a5cd7d0d8cb0d4f9ad77d99bcf6805d9311e890de104	9
tests/architecture/_governance_inventory.py	14750	5923129b732eb59476c5649dd321fbd3ec14491c9a9e89ff4ab02ebda06b1f35	21
tests/architecture/_initialization_edges.py	5450	3dc1988ec1990c51f3c73782393d25a5535ba6cbeaf438913f01f93f644dedb4	10
tests/architecture/_owner_transport.py	67941	ee80aa16012d5d6111ce0eac5adb95e2f57f711dddc7710fb21893cc33b214e9	28
tests/architecture/_portfolio_inventory.py	24962	5418a7976db324ecc91717ca0f89b626515a0d77e476481d3b0120709c392b9d	17
tests/architecture/_portfolio_trace.py	28952	9f2d08964bd6059ba593b022bbb1e4981f968cc519b07b8b393781e86a8e496f	19
tests/architecture/_portfolio_trace_reference.py	6425	d794e2b1e0a88e47831ecf8b5a86fd9cd4f4145cb9a357010a2af6cd8c2c1e03	3
tests/architecture/_portfolio_transport.py	19692	c04e9644333ea182ccbde47d6a3cd1922aaf9792cbb02966a2b6a5dcf69ae96e	15
tests/architecture/_private_import_ast.py	28315	ddc01965e7fab91374d4d19a4394e10b8b5e0119312b3fe7c29d20c27e9f506d	42
tests/architecture/_private_import_flow.py	7912	8a9a6f2b5360322944d9dd08e16091535590405d28fae6eb75aa5e4f60c34377	8
tests/architecture/_private_import_inventory.py	5378	545b84d6bfa4205acdd52756cea0ad47f023cdd8fa01ff10adf8a605368d9df0	8
tests/architecture/_private_imports.py	38405	3be89c965021b0a31f1d5ea17a28922d980a4f87a5a1939e7a9b628c9a4c3568	40
tests/architecture/_reviewed_owner_transport.py	4477	676256da212be0d80c7c96d607e1ca00d401e1c130c4c5d83eafaea2669fc717	5
tests/architecture/_risk_debt_transport.py	8763	38a82eea39716a68c8b21837d2c98d7371da9baf7c06a8ac16703ff0e3b64197	3
tests/architecture/_risk_import_boundaries.py	4435	04209716700918c001b6bdd3e4512e29d071b1941bd1ca7dc887c1cf7b5f0705	4
tests/architecture/_risk_ownership.py	4524	d1bbe6b19e3b219cb5aa8e1146a3df40d2dfade6466bab37a1673f99346d7729	9
tests/architecture/_risk_trace.py	7826	835c6d013e7c9318008b5a89398911e14d890b73320fab9bb4ff00238b26da76	8
tests/architecture/_risk_trace_reference.py	6057	158c7df5ac05a71a3bc1abaa2229d10ec514e32d781218aade37aabbbfb5aebc	4
tests/architecture/_source_mutations.py	1521	6c84182d42b22c496e297b7870d04748cb3440636d7efe506ad5e48eeab02aa3	3
tests/architecture/_test_relocations.py	5394	c8cd5277f9511f26377862e088b060c875791c2302cbe87cd7c2fcd92ed8d842	2
tests/architecture/_validation_candidate_oracle.py	2788	1dd60fc9ebb13724f7e72ed5951b7ad939dbb392e444c8067075ef1126567dbe	3
tests/architecture/_validation_capability_projection.py	30677	5fff61ec09002ebb9848268d88100d85df687c2fd317a835af720cea341e552f	20
tests/architecture/_validation_inventory.py	29850	a6669d03c02a232b252757baa73d0ee012aa370aad77bb6e2682504949cc5f7e	20
tests/architecture/_validation_oracle.py	33473	bc6096f3479e096278b0a99c2a4c73191dbc59b71cb6ef0198cf08001ab445ff	26
tests/architecture/_validation_reference_oracle.py	5649	cf7387b5148f1a8aa34efd02fc67ccf524ec072a7e0b5e1337d5c8483c40a71b	4
tests/architecture/_validation_relocation.py	17684	2782e7f0596ffc8582356ac91d8ea179bebd4ae883cb4b7ee109408ab5933f56	20
tests/architecture/_validation_transport.py	25594	d1d1d273b86b7f000d5d2dcd5251bcd889429618f19beb05c3a04d2fb972e170	25
tests/architecture/conftest.py	1862	440be43d72ade6422c8435731aeb826b393f1c360843901fb310b3d1739a36df	4
tests/architecture/test_architecture_governance.py	39073	45f9eb71eebbe58e777f75a7a17825c597bf0aecbd82d2d21296284505fcd9bc	32
tests/architecture/test_compatibility_contracts.py	30526	be0a5e6d2ec5f4a7a8a1c519aef1e19602675491619167eea8f18e504f457679	39
tests/architecture/test_complexity_budgets.py	4933	71890b8e81e8273e2d3ac734280f3dcf6a9b075d51bd72bfa70ad60a1d06bcb6	7
tests/architecture/test_config_boundaries.py	19291	3592358810c8a5de1e51ba9ee523d852774485d518d338f368998cbd65b9d603	13
tests/architecture/test_config_public_owners.py	10909	00a77aeb4aeb0c820fe306c84864d69affddb1296cf1a3b93b854a8d4ff53d8f	3
tests/architecture/test_current_allocation_book.py	1547	f4bf38b3051dff434b3fabf87b7aaa9e37ff0cc33cf28f76db6ea46e2d91292c	2
tests/architecture/test_current_heads_transport.py	2506	4d96c2999a63bdbb5b0b2ba1b87d67603fc471c7f7ee0b258f23f95836a0e9e7	2
tests/architecture/test_distribution_contracts.py	11445	490074fdd6495ba4792fa497d8893d36089f3edaab412c5cbed88b381fcd9afa	9
tests/architecture/test_execution_application_boundaries.py	48541	77ed15a8327e21f5fee57531ce9b2028747ef4f074cb03afe87542a3a3cec8df	31
tests/architecture/test_execution_risk_public_owners.py	12585	9b1a760687478296fa5ae9ab1894eef89c3f4719c2453241a22ac8897866cd22	6
tests/architecture/test_import_contracts.py	8139	381d6e06c07d216b7022e14cf70890878f1f7d3cd453569f2b18467bd8a307ae	10
tests/architecture/test_market_boundaries.py	4226	4cf92f87aaf675e912cf7ee2b118fe6f9b1be3c06feb3f481174056ffce3b34f	7
tests/architecture/test_portfolio_boundaries.py	47551	77ecfe1ec4b89fde8533a56795778105a8930bbc5ee6633904443d966c4f86b6	36
tests/architecture/test_portfolio_public_owners.py	9353	fa21ad3298bec5cd5f616f353e010b4138b9323a35cb6f82900bcab3471ca7d0	5
tests/architecture/test_private_import_contracts.py	32793	2444917896dca1e754387938d0cbfe965e9709cbe6b1529ef45739d7b798b699	27
tests/architecture/test_private_import_native.py	20873	4617d19f7ec86be7723ad9a170087a2b57aaea0c9a245528d1d696cd1c7a47d3	9
tests/architecture/test_private_import_reflection.py	36423	85b149dbab1e5a2a5fc76a8f53c31a243c2086ce288a5d0b9665559e3ba20cb7	16
tests/architecture/test_public_api_contracts.py	2388	998de643efe4c337f33b91020d71c248b1859e76cfd9d75b952630e2142e1b3c	3
tests/architecture/test_recovery_boundaries.py	14073	ca62882b0894cecce12ad25431b0dc2b1c5b9ad123418f06e98c69c50571d4b7	15
tests/architecture/test_release_acceptance.py	23149	0d7045dae399f8fdb423e6bc12ac75a7977b96b775522c9d6be7ff8e3c7ba124	15
tests/architecture/test_repository_governance.py	19857	1ac1266cc7562faa7b179c91f326e1d842793b17e2c2f37e6247e3aefcb8665f	18
tests/architecture/test_retired_recovery_substitution.py	1697	df00ed588b2fc8728b0e5e7304298ec1a3a25179081eb8467130fddfb9e4c265	1
tests/architecture/test_risk_boundaries.py	51074	11d0003295d9d8810e5ead68215f6567152ccb63dede778a14f9d9dc5d1bd9c5	25
tests/architecture/test_runtime_dependency_contracts.py	1892	f5408e76320b119c70896ff1a6efd52a9d8effe9e80641f43cbfa31dfd68963f	4
tests/architecture/test_source_surface_contracts.py	4954	09ea3cb99be3a16810726e433dff08f11ea16b3096a4c9bd393180120e7c0085	5
tests/architecture/test_strategic_boundaries.py	14044	bfddd554c1728ccb8b29fa4a888ad5846f9f89a14cab03e7b15e63ce9e986e43	12
tests/architecture/test_validation_boundaries.py	31596	025ba602db3eb4eb32511f9c209c1aebea6b2a63d23e8916b68a568788a8849b	35
tests/architecture/test_validation_public_owners.py	14403	8e99afbcee0e477b4b721384476ddcf9cf9bc6b96b3777e72545d1bc20253afa	6
tests/conftest.py	166	207d5a59bfa07ddf9bde71bc890c83ad2f93b9fff7709d14c53660b5c889879f	1
tests/policy_inputs.py	642	48e9e5f69fbc45557966dad970a5202598c82d8781722ddb5fa4abfc0cade8ca	2
tests/test_ablation_metrics.py	6087	e7cb0a47caabe3bc051b5448edaa64f56c3e9140caa73d830120208d772cbebe	5
tests/test_absolute_cash_precision.py	1618	90ad120823c70b33b649fc1c5583a3d85b4fe7b69b2b2735ec501caaa961c73d	2
tests/test_absolute_champion_fixture_identity.py	1871	49f6737d5943c2ac421eb3ec3ac8d17814250246632db2ad12059241eb79ede0	3
tests/test_absolute_current_checkout.py	4594	49289bf0631008ab991a237393d7f08e203e72df1972894d342a777cf8304793	5
tests/test_absolute_generalization_acceptance.py	15600	4408d5cbfc86323df424650ff8ff75db5b1ff5ce3395a8c7e6765cc0279a454a	17
tests/test_absolute_generalization_artifacts.py	21451	303c995a0760746bd5d7762204a03e01748a0a1674bbc6e41b77d36834c90c87	23
tests/test_absolute_generalization_ci_contract.py	5433	e68dc84f319cf4a979b5689c81a4d42e8194d79cb4f49845619c414d5b2d99be	7
tests/test_absolute_generalization_contract.py	16203	3069a21f79863374a61aeeaecc8783fbd952b4125a02b65efa20aacd07540dfe	16
tests/test_absolute_generalization_entry_checks.py	7159	dee6263aa0b528780536d8f0184d0071a271592b23d370e7730706e2693d5ebe	8
tests/test_absolute_generalization_failed_grant_recovery.py	8413	8b704696dda0c8b86dec4da2a5e6bcec78ee62a142fb0bccfb01f138d41e6516	12
tests/test_absolute_generalization_metrics.py	60963	b191032d08013ebff3381d8b43f389a2aa4764082734ca5616d4c0850f3ba419	67
tests/test_absolute_generalization_policy.py	18206	29dc1a5405813cf6f0b9d6c9d06fb94e819538b93b325d6db3d4c512dbcd3f7d	22
tests/test_absolute_generalization_production_lifecycle.py	9181	98c13c612d3cce08dedc82f18624c815eaf9d0e1c45facc3db28d4ba02d3edc0	3
tests/test_absolute_generalization_reachability.py	23797	a93666908a4de823f23520c29696917993f64a7fa28cb44d30e62c5e7af5eaa2	27
tests/test_absolute_generalization_reachability_runtime.py	17494	1eda44735a48eb71de8e1324799072482a1f6aac9e779b595169d057f7d79c91	24
tests/test_absolute_generalization_repair_acceptance.py	4980	12385f085d87dbed8236f800df6d57a0f33a9cabd454b067aaf5e7d0b987fa25	6
tests/test_absolute_generalization_replay.py	25042	600fc42976b5f5ea319d31f10ae99f17c44ac9777fac04d0efd4b97f5c6a3351	29
tests/test_absolute_generalization_runner.py	28265	ca2b8eb619450ce892b52fa6c6a63ed86b9b11ad035d557bd4df88dc7c6ff2dc	42
tests/test_absolute_generalization_runtime.py	9765	b712eccae622e74e61c2cd4ebd3ade8501558483078e81955b0ffa79d7380c07	11
tests/test_absolute_generalization_scenarios.py	12837	dc60564f4b819966a05a60f76e6890c97d220d5e35f6a062c253ad308b354020	27
tests/test_absolute_raw_cache.py	6181	9fd27eeddbc76694575fbe23439fae69bc7be19dda36595ed9bc610783d5928b	10
tests/test_absolute_recovery_authorization_history.py	2026	d83290509e8e0d3e5d85a052d59b0369f5aed8279e235e6d5d504e806faaed05	1
tests/test_acceptance_tolerance.py	13275	78a7acb06f39543ea68b4daebe945715ea6563ccecff05038e5a30fa2949f894	17
tests/test_account_broker_schema.py	20057	81bc697adc48397dc2cf960232179021d45360dcda1230bbcdcb9b9b71607c6b	31
tests/test_account_code_identity_migration.py	2392	cc95e88eeb84c5704c07e827cf463d50a5c41b42d5892eedab263a5d082c16c4	4
tests/test_account_schema_v3_integrity.py	17036	48f3a1263b5d2ff64d78552bfd011bba66f7e0adcf03d021d36ddb2fc3e3338a	18
tests/test_ai_era_contract.py	4514	f9cdd8fea26452b9cb6fa099d615da6eae4d2a2fbd50b4b8e77c743dfe998cf3	7
tests/test_ai_universe_contract.py	7124	dbedd6408a14725b70a766cfdff9d0f5e9a5b30a31cc027fb99a47f28fa5193d	8
tests/test_akshare_volume_contract.py	1580	d392a8116896f3c02b0ae527a815af24a84fb6d30f278404d72649c84f43b11b	3
tests/test_anchor_basket_identity.py	2680	22c972783f7a3536a423f5d4ef375fd1737ac42efb70c897f15d1ffd2a579ac0	4
tests/test_attribution.py	1659	90516d2b1204e75d20feefc07c4817bfbd622a2e2064d6a63e303a22f94831ec	2
tests/test_attribution_identity.py	27465	27ed639c97af5a031ba2ac05f2de7e1905cb506b2afd75cb9e9f28f12076ce13	18
tests/test_backfill_security.py	5788	54ea20361828863708edc4f9054162e5a9bef3336260ef9724d11094e3ca2050	10
tests/test_bandit_differential.py	8325	8e6c2e30fb5e35c104b58d11f6799e8dd02e1515d9507d59e1df49e8d1a281c0	7
tests/test_broker_sync.py	17625	5634cefb617016cd4647e3c4ec6e4c12e24700f75e8843abf9ad9f128c9f5dbf	19
tests/test_capital_holding_attribution.py	726	f0bf2494ea27a0f4fcd176814ec94b63d453dd4792a3e9278f27338551c57d68	2
tests/test_causal_price_series.py	2719	3fae5c809df427b748a2677ad86933f18ce07e5e3e99e47e73156ca7f65e5b1f	7
tests/test_caution_exception_research.py	3531	3230c7b94dce77e76633635a1f6cd86d74901d1fce9262624515c07de7de5ef5	5
tests/test_caution_lifecycle_research.py	3069	6c95fc940c579226102e3aae803373244b377f9fd1e58a17ce5f8478949db765	4
tests/test_ci_artifact_validation.py	22766	0f738308f27d11b2ed86043fc13b931dc4b8480afbf0b7fb4d31b50c5e1febb6	37
tests/test_cli_and_report.py	20837	dfd478f8b43a12beba17eb0aff4affbbf6afa1db9984f1b08e10b835d32ccf50	25
tests/test_code_audit_boundaries.py	7498	bd60cc0935ee11a3257432afbf7a6aabf4aa9692b490a801dba2a2f0f0d23e37	14
tests/test_code_audit_state.py	6387	162c8e4c6674d1caac50f4cda48b419c0516e031298fb91ea25d77a4e4f78c61	6
tests/test_code_audit_structure.py	5857	b4c0bb15bbf744b68c01dc5ab63d22fba48e5195d436a9dd45229ad70dd2040f	6
tests/test_committed_economic_equivalence.py	2634	68ff896baa1f7df9bc0376fe11e00a19756e12d1dec5f915bb6d0910e4e2216d	4
tests/test_competitor_validation.py	13466	bd5f1928ebb0007e0f41384ecc163dc9127dbc555d5a9ab10a2bccf182d668b3	20
tests/test_config_contracts.py	15217	9b699fb723dc00e2196c8be172125fff179ae903d36029f3832cab0cf8ba875f	7
tests/test_config_governance.py	20299	b81dc04d3c01bf146fe371c7a29179ebe04a00381265960a3ff5079ec33d5a21	32
tests/test_config_model_characterization.py	14963	38a8d4b392f04af627478710de23b9769790dedebf79935dc7ee67e2ec2d1830	9
tests/test_config_usability.py	9875	49a4f5f1769b22bf5781b92a3bc476513a74dcbfc9e2cc0259a2c879d131e1fa	12
tests/test_confirmed_recovery_pipeline.py	10849	d2ad00435396a96c5e54df3079c51bd3c352f43600637ab4d8c794ae564aea74	7
tests/test_conviction_guard.py	4322	ec92240aa2d6e8dc0f38adb5680ad0ef7237ff643110c2a78e905be38b12e58f	6
tests/test_core_bounded_risk_restoration.py	14180	728066fcb200f589d58c7e17bfa9fe3b7d91c1179d94c3d3afd683cee4ad6925	9
tests/test_core_residual_capital.py	6232	b68106fd49c0196810857df4c5aa63ea24ac8bf9912665cdcfcf91ba81bfdcf8	2
tests/test_core_transfer_attribution.py	11395	fea344cbf86aed45de08a1b1fd247ebfe4b65daa3f1103b32cd53ce0d90b2cf3	5
tests/test_core_transfer_capacity.py	1913	7f0d20ffc0fae2620c8f1d0229b6804e3b41d497519610b1d518458f5d56495d	1
tests/test_core_transfer_feasibility.py	12516	6d4d316bd4f2a3712108f0d8ccd0b9e2264b1890300b7354e617b6164ad8fa00	5
tests/test_cross_ai_acceptance.py	1610	f531a043e00f2b8515c6279f5c6bad35da77b4f7331f6d41d514a0c728e6f96f	2
tests/test_cross_ai_benchmark.py	8832	59de58ee0160273db8240347839effdf7729f3adf76a5b01a78f054493b89202	10
tests/test_cross_ai_observation_io.py	5148	7dabf236af54d8e2531cfc9a18881ad1d4ebda08c40429f943b546385789c333	7
tests/test_cross_ai_ownership_continuity.py	23566	f6eaa4e8fc4a5887513159a7dc3dd09fff4037b94eae71d220c3989be935269d	17
tests/test_cross_ai_ownership_participation.py	12388	acb3b77cb43f8b451ed6672f8f4525073ad6b8e2b5f434293f5451d6754734c9	13
tests/test_cross_ai_robustness.py	5069	a3eeba0a907bf6a6051ed3f4bc79871cc1cd8832efaff2ab532d2ea56a823932	5
tests/test_cross_ai_strategy.py	4661	885989937d83be8ff2c1271189eaead30cb7696fc9e2d68d40a442967cae3d34	4
tests/test_cross_vintage_capital_repair.py	7317	40a5ba98f3a176058e039d32963f19cb522dfea008f654c5ccc1ebc0125cacb9	9
tests/test_crowning_incremental_events.py	3685	0545e236527f9007c4726969897a6c4605fc0a9c7843df2d04815c9e3d43f430	2
tests/test_current_account_contract.py	3339	9e0f7b00e064f4f55919dc0118904816048fb644acfb9eb5916d98d0e383561c	5
tests/test_current_candidate_acceptance.py	7043	b6574928fde5737dfabf89da9f2d41db8c3c8d84889b0f90f9c7f7e33c413c92	10
tests/test_current_heads_comparison.py	20143	c3bf226f232d5bbddb80f9c843af228a9d189008da847aa1155b4382e147e62e	23
tests/test_daily_confirmed_benchmark.py	2996	b8dbb7b6380ce9dcb68890e8a505f39a343e66a4fd8206782ca5bbd721b0befa	3
tests/test_daily_report_examples.py	4428	a5c7d00f22d8b2c9878297e639a13fb018d1e63790d5b72c808264e2bbebda20	4
tests/test_daily_report_explanation.py	15880	706f625c960ec69af2ddd8c5f81bebae5c026e3cc70747caa5d48f9d081b3527	14
tests/test_data_and_leader.py	12496	d2d75652b3d7ff39150af3ad41144203def722322042587ff141ea2b8eb8d43b	19
tests/test_decision_equivalence.py	19015	b0b6ec02d32a4892b5a1cf5525fb8ee14b0d5f490d9a1e9dd8e50a78bd64c9e6	26
tests/test_early_cohort_capital.py	7509	f009eb1419eb6bd92a6d93f4dcfaee0737cdb978139d5bb4aef15c030176eedf	4
tests/test_economic_attribution.py	35036	9755d09aaca8621ad379cfbbb43d7a16627d3c42d1ca3d7891845877483bcf41	18
tests/test_engine_contracts.py	26594	c731b5b2e6673f2831d4110be03357cd51b0e88262e1e70dff6a0fad4d27bfcb	22
tests/test_engineering_gate_edges.py	31517	8a7bb04bb877a5e06fcd2151c262c1247e21060e0402c426027645318675fa92	18
tests/test_epoch_activation_metrics.py	8251	4b0405dfd3c6dff4934c10ea0ba5cd780cab4c27f34fd462ed47e541024bb79d	8
tests/test_epoch_authorization_metrics.py	8709	4ffc4f551f18d75be15c527dde158e30919e4fa553d8b4a9e161f66b5b5c24a9	9
tests/test_execution.py	28973	373ea1430730f2d423300695c2e092ce7a4fa898b40970eed1ae1c99c8348e6b	16
tests/test_execution_journal.py	25252	3afbf0b3c4b0a5c1ee20048a8b9e341b74f1ca3da308e621030077679a0777d7	33
tests/test_failed_deployment_settlement_barrier.py	4473	1a41141e3fe33f590761d85dcfd3761c6dc1fcc94c43610304746ef95c07c446	4
tests/test_file_lock.py	10192	982a2e32955f693150a3ce54713f9e25be7a32666646584ba53ee2105c290a92	16
tests/test_first_divergence.py	12545	8fa17dc7bab68a15c5149f6209bf648ae2f7d4ef52cf3e59c9623434c439da4b	12
tests/test_five_window_outperformance.py	11328	d8e089619628839178e7e22f2ec1ce13134eff1bf9654c7ef0381546cff0f05f	13
tests/test_fixed_policy.py	4133	6e8771b858b11f72ae88fc08304e2ecf2f051aaf305aeef987423c59e931d980	6
tests/test_fixed_promotion_diagnostic.py	1420	a2990b68a0a368e41967fc3086e2e48b59dbcfcd99097968c1a8efa677f4b514	3
tests/test_flat_book_capital_repair.py	16242	4e72018a7a1e5fececbdcd9714d9c0fa367dd76ed76ca1f884128b0457473292	17
tests/test_future_holdout.py	29351	ad4ec1380f2b87c1e33abb45cdb3a4ef7c7bc95b03202ee4facdc66989dfae6e	31
tests/test_future_holdout_journal.py	10950	049d97cdf83ea76ef7f0a94f93bfed4e80f11de02dbbd10a4fc9243e1a66132a	9
tests/test_future_holdout_lanes.py	13583	1e4ca6de481ecdd7ea149d5b5dfa6690e82c6fbcb04869147d49ca2cf4e7b3de	16
tests/test_future_holdout_runtime.py	27954	e4b9090374795d06344484b9203ce71e7802f7bd12d772941a5c6d27100d6bd5	21
tests/test_generalization.py	26659	1b4eb31cdb9de119696c5c2937c758042425933825961f0c0d2ff33d25031ae5	30
tests/test_generalization_ci_contract.py	20705	85f2d3bee9a3bff18c91e85a7f5e449cc682301c0a14263d8b8b295e8527dfbf	21
tests/test_generalization_contract.py	15742	9cd5ba761d71e4357647034a98f6e14dff25a107bb98a078dd6bf20f4c2df831	16
tests/test_generalization_matrix.py	30344	107639664140a7774a0f4225b923eb8809a03c6da449f8f15b98b54186d5ba0b	17
tests/test_generalization_smoke.py	2038	4b660b49f416175c2b0343aa898e2b0b4128fdeb028c8bdcaeb3a22a6af40535	5
tests/test_goal_15_40.py	4564	8ca50ee70d7bfe1090ae1916faf5d19ee3d4b6e75c54dc2531a30741c73c16c4	7
tests/test_historical_prices.py	2622	0d36dd5d6ee37893149c46dadf43ffc90e79aee4fde345eca02d02d69184973f	7
tests/test_historical_rearm_binding.py	5525	e9b72f99f32d5439ab019d5a6df891e9675c1600ca8611f8c5edb3c461b26fe3	3
tests/test_impulse_new_grant_authority.py	5069	1060a4a7d04c299f8d2ada7a720f7c787b772ddcaeacac81646cd7d71fbb0b40	2
tests/test_impulse_repair_authority.py	4441	52da102860041d5054aa23b39bfbc71e7b3ac3400bf837b681d35e52fad4a49a	1
tests/test_independent_core_quality.py	7529	e44b1fec44cbf559d49b07c174d575d99d715f7ac0dcbc157100ab23acaf9c9a	8
tests/test_independent_market_confirmation.py	5237	d086252af8ee002575991f4b00cc3845102a5fc7943e4a6424e9cc639c84b824	5
tests/test_industry_input_audit.py	1877	9f58835a83535024203e3ca1ba0a322b29b468a9da4fa1c56d56357f0ec816a7	3
tests/test_industry_rotation.py	6668	f89897b2cc2991e44082d6f0030b16a12d36ce609851cd4dbd2c281324cba5a9	9
tests/test_lifecycle_and_risk.py	20093	8236388bdc5fd6ff6e343200ba6c4b34075a07ec2d659234e313836b1666278c	14
tests/test_live_recovery_restoration.py	4473	4b7a4c8fe1da406f7fb1bec6ebce16ffeb52ce30e9b1840a8c2425bda26038da	2
tests/test_long_pullback_entry.py	5916	920a4e6f9720abc5edd641fefdf8ce85ab580d416cdef38659095254df39d11d	8
tests/test_long_pullback_risk.py	10092	b66651eb2482e2baa67b886b1d9058e009fa957a4c3c2851c47d2ab657d9c12d	12
tests/test_market_cache.py	2977	0c87a0ec537d0f0fb5995dc558e782915137ead911c3b3340d8dbafd7440bf14	5
tests/test_market_replay.py	4624	afbe912a32f9ff851f9ff006ec707da1d195b287d5f0a4936e4a65209d881bd7	11
tests/test_market_workspace.py	12693	bcf3af674bc63ad343d013a633475e3d5d3140952875eaeb5eafba9c934cb139	16
tests/test_mature_cash_rearm.py	2055	adf337182d919b5358923bd0ae6455b3fae9bdab53bfaa1d043a17d5ffed4d64	2
tests/test_mature_leader_cycle_restoration.py	4616	4c5ba1ed101dceab52ac52f6d971c94c91b11f15569f09815d94b97084c56ea0	3
tests/test_mature_market_rearm.py	3236	fc5de774d12e01249806c9f696b6563cd4b661406935e5c42809026e57da7000	6
tests/test_mature_sector_entry.py	3470	22cda21e9877f668f366b1726d91f333bf62b5bd1882dc05864724f69c362184	4
tests/test_mature_structural_exit.py	2001	85bc24ac84af34a49d21ca2af0cc525d9ca337546353e16f61c805b5dfd972fa	2
tests/test_modular_config_models.py	2929	43a555301804c7eec34a620f0353e0e84962837da0662ba4916e0039336a6c39	5
tests/test_native_execution_stress.py	1729	15245a2212259029f2c73c896273142363cdae8802eda0823dddc3ddd1180b73	1
tests/test_new_strategic_formation.py	2521	52979142457ac53228c6f6160dc8b0c21550e5c524809b4b5c670df43f612117	2
tests/test_normal_tactical_admission.py	1997	d5245db0a5e81fecd5d9da7feac381f75985e76089776f32b26e528831ccd2fc	2
tests/test_opportunity_capture_audit.py	1627	ab4693782b375bbb845296343547df713ac8627121ed0b2cd6c927af8c6867ff	5
tests/test_ordinary_cash_rearm.py	16413	b76068321dedcd98ae1e9781f81b9ece84a2ec8ec65bce7f800a0e96f175ef61	18
tests/test_ordinary_mature_local.py	10474	726c60781399107e0be9f526ebb161db1700710f41703fc4ab7ba9deb2893557	10
tests/test_ordinary_persistence.py	3520	62896cb1b169b0e09830765cda97cca7e3dad876f5a9cc1a26e5442fe69e5329	4
tests/test_ordinary_pullback_execution.py	13565	04d88c30060a7f65617a4e6a622f28c80671290683e04f3083bc8c27b0c0879f	8
tests/test_ordinary_pullback_lifecycle.py	10069	7cdd652a5d733771b05d953270d18e36a6b2508167c10580608b318d52c5f80c	9
tests/test_ordinary_self_credible.py	8586	12354ef605c2845de4eea1852dd83a2d2f0a88f09902cad9b10428b6d5becf30	8
tests/test_ordinary_trend_budget.py	14486	f842b62c87fceb90b6b05926614cec5017fed6741edcc2d97b5898a1d128e125	13
tests/test_ordinary_trend_capital.py	8673	3f3f4ec98fd0ae81bdeb93b8d80491ee384bd2b63771089293ed27420c744a4d	7
tests/test_ownership_admission_authority.py	4914	14d25ebbf3eccf0804c7d6442c9947d9d4800cdd849c5cb3a540ee61f938439e	12
tests/test_ownership_epoch_activation_audit.py	2733	5d9cc397e40d46584e45da844c7983c071fa6b5e6a4b4f64f654f88e97500eef	4
tests/test_pair_runner.py	3752	87c498f8fb7154789118a582a1a82be052bf78e0540b4927bc463e743a9f6606	5
tests/test_pareto_evidence.py	5795	ae5a2f6cc3db2436c320023c2c8c507ca31a401f169a45057647b3322a4786e9	12
tests/test_pending_attribution_continuation_regression.py	6371	420269d642d065a177ef784f2cbca3751d7b1e086c6ea0056bec0c41b535e70a	5
tests/test_pending_canonical_retention.py	5817	c4197b80fbb22cb2c3eb7aa74713320a3cfb172c04b0cc8eebe0bf06ab175cc7	4
tests/test_performance_diagnostic_runner.py	6189	baef8379aeec7feba4f8250165e16f037ad156685a941383cdba694767fc30d8	11
tests/test_performance_evidence.py	14466	65b22dc7f9ea74918c8353598ee3218d740a52929271f2e735afd48e6a306b76	9
tests/test_persistent_formation.py	8043	73fc3f29199cdf920dacbf440ad3d7c8e0fa3093e9bea4a152d2b8dbdfb479e2	6
tests/test_plain_daily_report.py	2517	4d62263f17f4df876b1240c78d0c421d5cb7a114975226219d8cc14d72119448	4
tests/test_platform_atomic_io.py	1966	e0bb273e7229a14eebd49ac8decfa0170f091536275fcf81f258d1f1e023ca75	4
tests/test_platform_topology.py	2618	1f839deb931d7c1614468d87c63f6c0cd26dbe97d3e5b932d5cf2fafbb4ae687	4
tests/test_portfolio_calendar.py	2478	bf29aeec8b74ecc6fe5803ef8c27d435c70f2945d2639832eb587df253e4db2c	5
tests/test_production_observation.py	31110	99a9fb0e2faa2824e387d84001f57abdbee16fd4438037b754451b1e07e4a63a	37
tests/test_profit_lock_transition.py	2094	399bdab75b4852e68fe3b453824ea18f439ee43fd664fe48789db60f543680bb	4
tests/test_promotion_resume.py	4576	f53679f433e594660ec4508deeb38ad02370f783d478c21212cf84ec4b2c8e8e	7
tests/test_properties.py	2329	c62bfd47151ad1f820901c8cc1f040d15392a96fc37bdad249389bcfb8799430	3
tests/test_protected_holding_risk_linkage.py	10298	b2dedd229cf419f46a2d6fde5832985be84d3570f7642c820333f27a262eee9d	6
tests/test_protected_holdings_capture.py	3049	4014e17b828b6c07f9e695e2d5034e7f574284a5f76af3ed2dac9acdea94c970	3
tests/test_pullback_reentry_structure.py	7775	00223fe5100fbf4fca97b67f55f701ae2f42d0100d15d35d18eb42363c7f4ab5	9
tests/test_qualified_recovery_admission.py	13307	87cd0199887c3edc96e6b74d6652227c930afa2316865ff6cf6856e34579fb95	9
tests/test_realized_strategic_ownership.py	7457	ef8f70feec6da65d7ba500d6357b6e3c8b082f983614964efc898f6493294497	6
tests/test_recovery_after_ordinary_liquidation.py	3338	e4deaf25b2de9d4855778af71c130a9e325068437de69ce79776644499c2c889	3
tests/test_recovery_contracts.py	27996	e2a191fec8e9e0a93599a4bb5bd1d5f14d551f4d70c055fdf8f9122f251ba1a1	19
tests/test_recovery_fresh_budget.py	3781	6167c48e99f83e149f176ade9080dd88b90664b926987f617cb9620bc69901a4	6
tests/test_recovery_leadership_budget.py	4816	0fedebe608489a56d54b88ebb18f3236ece27f108a7e3a185d32223d0ddd759d	6
tests/test_recovery_signal_validity.py	4970	6d4165a9d920f312dbef59f592d891b283eceabffb428a3c707e374ebcc51745	6
tests/test_reference_input_owner.py	1137	a2e36e1235c717da6fcff07c971b568b402b1a0a85a265275bd1c42164eab314	1
tests/test_repair_capital_custody.py	7654	7f1d671c31b48e7e2a5b18779f3848e8d9e603e290969a7d618bd9c4d25517b6	4
tests/test_reproducible_wheel_build.py	4051	5f45c8da4658fa9f57f177d8557e54f0fba83d87a3275ca1afcec3572cd37873	4
tests/test_research.py	17525	151c4b7d1a6d8023da712c470ff242e3a043b22edf711c9f624225617e5dffd7	21
tests/test_research_data_binding.py	2840	0b18ff1c59160a1fe460cbf9135d051421307c86bc9dd07fb7d0e65951f5fe7f	9
tests/test_research_https_input.py	649	b6698c5e669a0bc0dbf54c305fff5556d6de557d30dac9d062094ebeb7b3a5ff	1
tests/test_research_industry_input.py	5858	52e5ca3a0a35d7e9e9529b4d9bd310f3bb33150b47d9e7a953233636de8f2a69	5
tests/test_restoration_priority_research.py	1821	26b9942a141cde197b8e91ac0c9072c35dddae13b7ebd2181bbd38531ce4da83	1
tests/test_retired_pullback_admission.py	1039	e7381b4a640468cb35381c750297a1f11464a5bdf70f05f297036a07ad3c5d30	1
tests/test_revenue_reports.py	2391	aaa61b3d6549182492d2d7320621a7e35a393216ec1552186a34c8a521708db1	7
tests/test_revenue_signal_audit.py	1107	f68fb671a257561ddec69329e761771fe84241f4eeb022b9f9d0521ab34ceae4	4
tests/test_reversal_index_retirement.py	1956	0080bff90c38579bd7898c95fb483e414fc6667d7eced6f687ef031813f32518	3
tests/test_reversal_market_admission.py	7812	10879034888d06e60539370ac0ae30eed98b325f013fcec5f563b28428f41d96	5
tests/test_risk_counterfactual.py	15943	02d349eb4cb47d5c8be528d1c0003b2d1bd9e04e4cbea9a610bb668eaac88de2	25
tests/test_risk_differential.py	5679	5ac5b400fb37e8c24e24a0728e1adec61795de975fa9ad70fa086d59d4498d42	10
tests/test_risk_differential_artifacts.py	9229	32b706360ea7398e18d75f9a92f7cefc84a9fd49dc97e8995c6ecc37feaeb42d	14
tests/test_risk_differential_holdout.py	8502	a440d6bf9bab5211e95273ae9ff19c0ed25320ca282058bb55f68f7dc97023d5	11
tests/test_risk_differential_models.py	4860	33ebe0e1f9f34593398c4530e5890dafc9603872de131132753769d2a575e60b	7
tests/test_risk_evidence_timeline.py	13313	de9b4e7d14cba6d17845bb0aa7f8dd9bd936e6122ff87e3b4300616fd07ce4c1	14
tests/test_risk_replay_runtime.py	17756	e10f1a7abe39accb5afce8ab1fb87fe5d2c6fb4f9819b9aa9596b5836ea530b2	34
tests/test_risk_retention_research.py	1449	4e12d5736538fdb08af0624f834d2a0700b4fcd90cda7a8ebab736771c9287de	2
tests/test_risk_sentinel_calibration.py	4022	9747e5a8558dad625a6d6b44b841cb1dda33ec54fcdd2d5f6be984244b07ab56	6
tests/test_risk_sentinel_cli.py	4000	0a7af7d4f3d34626e85b545894b35cda72d50a9b3a479f797ed5fbe8bd3cb422	4
tests/test_risk_sentinel_coverage.py	3408	b19bf90ec185312544d5532e3c9f8b902fd0c343cc4c80db6b9e5ef22a28a7f8	5
tests/test_risk_sentinel_daily_report.py	3829	88c7a743c268a18f21f826286c9224b91e0d35ee3f48ac526c45cbf8b93abc9f	3
tests/test_risk_sentinel_evidence.py	5394	61c51945741cf7988697d385aaf09434093b641fdc1412940617a1b72cf8a096	7
tests/test_risk_sentinel_history.py	4674	1b0c269c27f80ffe939456545cba18205873b6dfa82e23cf0a1c1d96451a3773	5
tests/test_risk_sentinel_integration.py	9312	738e267e68a051cbfefa6523042ac99488b6987e1ac969df2b7caf8fb605794e	14
tests/test_risk_sentinel_models.py	3714	634665efb31494be9d83eaeb3c2ca3e52a2e34e1ebad59c9500746df23c39e60	6
tests/test_risk_sentinel_opinion.py	3548	bc411eeec695465bbc1400eb02ef7e4a654d9101080ac47401d0432e02e796f6	5
tests/test_risk_sentinel_shadow_equivalence.py	3277	e3397ba12aee731d84e6d57d1443bdb7f13993ccdd5f740696e639158f2f2a70	3
tests/test_risk_transitions.py	25088	0915691a65efd383e1422536c2ed9aa5d4cc03bd3caefc02fae83518dda25f49	26
tests/test_sector_guard.py	29231	bca049aa58a6b48ef0d070761f3c7d8ff91bf5709bece8cf0fbf5ff23f3f9664	27
tests/test_sentinel_evidence_closure.py	7467	d7fa5d2ec016f83190809a90c9d7f8d6789d1a9c797d5e5d3aff8b52b8fc268a	8
tests/test_sentinel_evidence_contract.py	10536	9e0b18ed29014fcfc4696a7bb7ea91941d4f3edc5b01df716cec96daa6466056	10
tests/test_sentinel_freeze_new_risk.py	10599	5adee61d7e4e59a885fbfb9aa59f81aa196bda90e2748a82133ae31de6a2f899	16
tests/test_sentinel_gross_cap_rejection_archive.py	1424	9584c0b8e99c2b6c86b3aa7e6f90c07cdf2b89abf9a7b396b7e375da61eba81c	2
tests/test_sentinel_pending_buy_cancellation.py	9300	1f71986052a5ba1c163dbbbd8dd7a5a6a34006fa6ad929d34ce3765d31f5d842	10
tests/test_sentinel_report.py	4217	6cb863d4eb3a9e4a576361b5345df33b2e0afd9da4c501ce92a8ac512f89b624	6
tests/test_sentinel_timeline_evidence_artifacts.py	1985	1d1942c9b5f4d276183b17702ddb6700b0fd467dd9344b825307ba7e2a869d23	3
tests/test_shared_core_qualification.py	15460	9e8bfd33ce7463000e89531df980993d232fd3bb336755b3f4abaa7ff6ea6e4d	10
tests/test_shared_structural_exit_research.py	6586	1fb3a6306644308f146e6aa064a9cec1293e3bcef7ddb1aa2a0270c6ec892821	3
tests/test_single_immature_core.py	8064	41c10aa45981174486bd6339c7bb7a22cb60cc58dfba03e1101d6da9a10d00d1	8
tests/test_slow_structural_exit.py	2610	de704d87c720ab3502d1edd8870c6189b4539798a942f31edc053969ca119cdc	5
tests/test_snapshot_restore.py	4228	8ef58cdd48a75f80d251febaf1cb2852aab06bf5a1e5a8ebb2dc0adb453912ba	5
tests/test_source_surface_contracts.py	5065	f25f36eac56244d5d522919cb67ce1065c19fef0dbd1d4bc13738693b42cde74	6
tests/test_source_surface_provenance.py	9262	5c6a2388339f50257e19335d3806df36133cda0e0f6091a804323e2fe140b785	12
tests/test_start_date_contract.py	4149	ad209d669483cbf9226c00e3addf22682208484454f8d348b56a1ef720bd6289	4
tests/test_strategic_absolute_policy.py	9746	ec8996a6ec6c66aff525c391682ab15263851a5a210948bfb3c79104b61ff510	12
tests/test_strategic_candidate_eligibility.py	4016	b41f330a81156e523580eefe1baec6dec4365ab6c88b6614172bee31c228f418	3
tests/test_strategic_capital_authority.py	11428	4c92e21e7de0ad8e8d6ad71cb6199d345d7589e0cb8e48e086394dcf0a2d533f	11
tests/test_strategic_cash_rearm.py	11652	1ab4cc480bb01bf19df892e339a61d2151c2078eb0aeb1a401fd1c6ef3f70140	9
tests/test_strategic_cash_rearm_state.py	20530	fd9cb25b46d1a9228ae4233e40bd8b989a0918654c5e58ddd620590c46607870	21
tests/test_strategic_cohort_deployment_settlement.py	10836	76f2398d7a2206321fb448a9ebd6b0d8556ee35809d97ca2d55057ab6b7b9a03	8
tests/test_strategic_common_core_admission.py	6108	474b5bdfd601bd320e88de0e2faef2df7385bd3379517e3589ed00a7df91cf98	8
tests/test_strategic_core_profit_lock.py	22533	9f0e5d1e7e7b16c16e49a252d140c940ca6a720f5bac26ed40f8d7cdb8f02be8	20
tests/test_strategic_core_rotation_attribution.py	4314	8d0329fe342dbafbaf77f8111278b0492876994626368cba2110393e156bc63f	1
tests/test_strategic_core_structural_exit.py	6584	89701d5b73ea22a1087f802a447a71521e800719ebec3ec77e4a38602d701c2e	6
tests/test_strategic_epoch.py	19154	b08e62efa0423eb5de91e377590675ef254e8b3a4b2bd03bcfdd7b8d282f5d1d	19
tests/test_strategic_epoch_settlement_session.py	2766	f5bb07ae52e877d44ab14d07b78ef7a4ab6c8e0917d491a85dc81841fc8d1709	1
tests/test_strategic_evidence_artifacts.py	24050	fe9790e77a12138893e9faacd3c036861d325fc0a42be20c1827ac01526cd0b6	14
tests/test_strategic_evidence_contract.py	1834	c02788bc327e3aa7097a6a78ef3041d53f523a3d3357d4f9b65df14f7cf09e0e	3
tests/test_strategic_evidence_provenance.py	2522	e213ea8d39259792545adf390c7fcc0d56411ac639f731bbfe3e41741bdb96d2	3
tests/test_strategic_evidence_trace.py	7869	1f712773348b3ac2923d4127ce2cd76be11f26e7cdcc592515180707802fef73	8
tests/test_strategic_exit_band_settlement.py	16211	99f4324fa3a3d7357458bfb94b70f4fb85f654caf6f3df27e025b32df6539bdb	12
tests/test_strategic_flat_retirement.py	19607	1e90aea1348a4cfd8ccac13a44bebd04218c835b7348dd0d2955ade5d79e6112	13
tests/test_strategic_forced_owner.py	11193	26e5213de2ee6ee718aabe16e89fd8870e1a70b9d9e94c49eb0869968b0a76e2	10
tests/test_strategic_forced_owner_runner.py	7219	c4a6d7f3c74d8f2bcde380fb2da47932d64a48d2734f30481044f272f27f9e1e	5
tests/test_strategic_formation_shared_capital.py	5170	0ecbe3a5a6d4333153bdb7520992bd3837445b577fc0c374fccc7e12c30df670	3
tests/test_strategic_grant_ci_contract.py	11007	7c2aae5238a1e3b032208bc16289e1273b1ddf3c5a6f217648f4980ed5d200a0	13
tests/test_strategic_grant_identity.py	6507	74a8adf133d4a84a525482b3aa47a396f1602d0277b4b0958befcfff94f7cd92	5
tests/test_strategic_grant_model.py	5788	f47eca1fbd7eb8661eefc47e5c88155e5f837f287167092096a5690854a91a34	6
tests/test_strategic_grant_observation.py	29629	64365e682a988268335d5779f15d4ee3f0dca0ec0136205434c652db4ce4943d	11
tests/test_strategic_grant_recovery.py	23667	4f9abf8c6a38163be77a168859caee48d2c104d852a0103b6616b06f99a1e034	15
tests/test_strategic_grant_route_continuity.py	8521	6e84bd51589691fa49b1123add5b1abc0c0e103df4d7a14bde7c58a8de27740a	6
tests/test_strategic_owner_continuity.py	21080	33c6ce05e39e17fba4d41332cba0da0ac672f9416782f50954a4cd50a1499af5	9
tests/test_strategic_owner_intervention.py	15416	ec71d0859e9cd9356dbc2d801dcb0e0df00713cafd820e0d8f849aa514c7143d	8
tests/test_strategic_ownership_acceptance.py	25563	ca0bd6b76f0686354b6a38322d1faf0ee9be3f2b575a4a2e640ad7f723a45b63	23
tests/test_strategic_probe_holding.py	16313	f6106aaa53ddc5abd2ea676e2a1c0012419c7af1fe56f8e58a0455f935974133	14
tests/test_strategic_reachability.py	35167	9755e2c08ff8d4bc07e4e3724febbed2b6bce9199b7349eac1a34445983a19c9	34
tests/test_strategic_successor.py	5476	17bb242367a7274cd39fea99eb0e8de5f54a90a317da18b1ec25f35557591e92	2
tests/test_strategic_universe_quorum.py	18291	dd2af36454501827f20c2aef48837c2009654d4fd485c9f6a091cafba9ffc1a6	17
tests/test_strategic_witness_ablation.py	35627	10543c300374458a50f66da167d8c572e0f324dc11bfcfb5257b6065a90146a8	35
tests/test_strategic_witness_selection.py	13283	0bab266bfad91e1670977c1c2cbcc5d31b88fabf1b174efb1d26bd101d455822	11
tests/test_strategy_execution_integrity.py	3283	a58609a1da6ae0aed10b6b77e60493bb6a8659a3c74c2401ca6719eb9b641083	2
tests/test_synchronized_restoration_health.py	1839	56b72199df22d28cfff7299c2099ff4ddf1a7b9960c931a67799733944e1d87d	1
tests/test_tactical_clock_research.py	1648	86040b5c14757f7587ba7306f6b23414f705803aa05badf848d1d7ed14558796	3
tests/test_tactical_settlement_research.py	3196	ed1af42fac0da6a0536ac46fa5707c248ed9da9cfaa884b7dc39fb9d9856fc31	3
tests/test_unified_admission_queue.py	1754	dd78ae63202b27244a872bda0def8e8f27c5672929d600bc42022b4a53c95ac0	1
tests/test_unified_core_book.py	41968	8d16b62526878ce658fcf3da25d69417501307cc7df6828f2ea6a04bed8d7025	24
tests/test_unified_strategic_selection.py	20753	c96cb1c67384bb29a0175848104d111ccede68cb1637f50b113dfcf080b1e011	19
tests/test_validation.py	26964	eb181ca42dc4cd1fdac7aa524ea749367eae127178d767fd77dfbc6ea5571265	43
tests/test_validation_cli.py	9314	14c8e4291a95db213676bd8689c09c29a9448c04afbe7ec5c666eea21c8fbce9	15
tests/test_validation_statistics.py	5044	029c2405b9dc85398400a59d026305dd3ccda9b6a8e582798693e7efb516c074	13
tests/test_window_competitor_adapter.py	9615	5a6d7018b4e9c9fd26c38231a53720dbff5ad795b5bd4482b0aad9ebb88b0a1b	14
tests/test_window_matrix.py	2069	a0e447af8d122c7e28dc6d30a6c2b158a90ddbed74835f218fa68321ec2acfe5	4
tests/test_window_outperformance.py	5484	a00f9902a040c31033b98d2ff5a44917ec54cfbd913febefca3be7672306b4bb	10
tests/windows_ci_smoke.py	5021	dec1f63d676bca708910014afa20ff3ba2366bdf5273235846a3b0faebb21265	5
tools/cloud_guard/__init__.py	73	b85f11f1b5a87ac1894a878a2b739b6276ba6246fb488b86e5314105c8e359ef	0
tools/cloud_guard/__main__.py	5081	2e99cf9008ac2a4d34a8379ea1bfd1c01e5f9d9861cc6f619fbde182049fb9e0	1
tools/cloud_guard/admission.py	1632	eaea90b4957326cfac25ff88fb1bc7dd86e269b16958d6d0b5a39d9ed99275e0	1
tools/cloud_guard/export.py	4220	4b04be6df1d6f8e810a83caece9e56b97ccd00bdb54ff31724dba9474f43a7b0	3
tools/cloud_guard/journal.py	5812	3dfa61e14c9da16b848132f48bdd9d0ae7956fe55ffe6f0de358da4d9ef66219	15
tools/cloud_guard/report.py	2254	f93d99b8c73279168cca0669942a82c3eac4426c1732e54177c6a5c09871c5ae	1
tools/cloud_guard/runner.py	4549	dfc3a3822182580399f1f5f18c5441db8b8a6f6acc15864931847ca283e3edb9	2
tools/cloud_guard/tests/base.py	1052	b36c000e3fef2aae808375fcb0b83cd558be09cd11ad9704083ea280bb015e9a	3
tools/cloud_guard/tests/test_commands.py	3525	217fbcf17b55db6489e23369a992f7694f1af0b65ff95b9761a675d2d17cfa74	9
tools/cloud_guard/tests/test_integration.py	3835	f7139b3c317ac5c33905c818702487b4371cfd128728eaf13195a11c0895509c	6
tools/cloud_guard/tests/test_recovery.py	5595	a714a2ddbbf9edf8bcd428eeae6371f4025b3914169a51f5b56114feb9f15afe	9
uquant/__init__.py	241	bdffa9f5bf85d1f9b7138afc73dda5a6781608837114a351a50af4e1d78e8482	0
uquant/__main__.py	118	df23264df7ae5fc32278bb0a7389d3edd5e200a1952cc5a0dd8a46571baffe91	0
uquant/account/__init__.py	721	b32ee0433f0e1f8c1b60d48e359002587ea2fac085a5da7b352a129c04f3a7b2	0
uquant/account/code_identity.py	1943	60a6f640ffcf114eb743f46bfea384985da6d42a278fdabc6edb3670e738890c	1
uquant/account/codec.py	13689	26dc1aa16e75f68e455c077ac4b15ac3075232280422a7110ed0711d67c8b62d	8
uquant/account/economic_identity.py	748	d374b157e8cbefa720bccc51e34be25dbad58c185d3c7a5c3de039328853abb0	1
uquant/account/store.py	1344	8f5a1d57da4565d2bb96b8e25bcb861f204493e8fbad813750c86c6dc853b571	1
uquant/account/validation_attribution.py	12839	79ce82c8e694690152424dbdc061b3e35bf59408d8e4362c5ca569d4b1bb8bec	6
uquant/account/validation_common.py	6225	e24deb08e7fafb4fec47aacf6ddcaf25ee572b339c6126a94c45bd191628aea4	12
uquant/account/validation_orders.py	27491	b1969bee1e9fb854bd2117b35530cb58b5541bc92da71796d4a168c9686c42a7	19
uquant/account/validation_positions.py	8147	9b869c7795ef2d93851d7b287149ccd5f2e0231b555f2a6cd1ea840df1f25b32	4
uquant/account/validation_strategy.py	31853	69122cb8b17563db44099c7bf9ef14cebcfe4bdd470f90d65528b55368f50935	22
uquant/application/__init__.py	3881	519ce2c241f28283b30374f9e34eb8dd6f8246a46f627645ee22b398caa3a77a	0
uquant/application/backtest.py	9277	3e4db704b69039d67635e1476a1fa1d873a6128bc41b3084e9d8951450b24828	9
uquant/application/decision.py	37159	ac38bd843e0a645653d0a0ed719918627fe7c85b4d8d398c6d84596030671d29	32
uquant/application/market_observations.py	3638	9b0311198af0397aafeabc9870df7c6dfe857298e9f03372298c6a57e99eb644	1
uquant/application/metrics.py	10154	a535b6dd2376f787ceeeba4446410209ba49f42c2cf209183d5ad2e49c8288eb	8
uquant/application/risk_timeline_cache.py	7652	29743cbe4433de29036d42b66ba86b14890a84f9ae6fcae7bfffc5b7bec4ac75	8
uquant/application/target_attribution.py	8022	b3510742a044958c44b226b8992bee5b3cf4c69b986d086e3f06af3b4ce7900f	6
uquant/attribution/__init__.py	2005	c4549b130bdf1fb36334f7a25e6c66a1986f63afed7a15dfcade2e6f41ace0bb	0
uquant/attribution/builder.py	21278	5950ea4adb168aefcbc6a023e2df2b9290df13cdc114b439f3cb303a62ea8217	9
uquant/attribution/concentration.py	4921	c751ecf33ad08761458793ba9acfbf93249baa73a3c557281f445fe0a5f16e5d	5
uquant/attribution/diagnostics.py	6374	881e41afd9e517e62e6c8eb2f6397813905454daf1c31f88fddb974700cc574c	4
uquant/attribution/ledger.py	3195	515b282c73f4e546fb3c465a747bd49fbc0d53d3fde25f2092f295cd7805f1ea	1
uquant/attribution/replay_evidence.py	15044	4fd5d521e2e41714980c7e61324b08526942a90424621db3ae9da8e208fd314a	11
uquant/attribution/validation.py	12750	12bee673044527c2b6f6ce4b22d14ae88ff4bcd6f93e2b8aa10fa55a674a70c0	9
uquant/attribution/validation_artifact.py	25132	6024b4a9d72e2133b1a195ed52ee2d93df9562fb5ce761489d6ba3281380d987	16
uquant/attribution/validation_lots.py	7957	89a0f2d6452d349bb8e69281658745c3d49ce0b112d2e597374bd41fac2cbc0f	6
uquant/broker.py	35640	8aa8405df132cee7d3253a1aa73e5048dd4c4999e9c6266af7187572d60cfa5a	20
uquant/broker_contract.py	9697	e2b11c14f5940aa56222c1e497e1bbcf325b039fa7e87984f9df86f379f94a14	10
uquant/cli.py	16650	c580355277d79c7bd4a6a7fde3262893f1aed36ed826ae2cbf23f93ad6661dfc	9
uquant/config/__init__.py	690	162add81d1a91d216cbda72a6dc87e1465ad74b7ff1da5f52d422af8acb16a7f	0
uquant/config/input.py	1328	90566f2a8e9e327ae2aa8bbc233ea2fafe638846d3776d96996c3cef6f2d6608	1
uquant/config/model.py	4401	7bdbdc3310bd18592dcd8c5e2cbeba62b472145d307a0ab85d26e0e24ea0e0ce	6
uquant/config/policies.py	15742	91ef54def7f469fdcb6c810eb99b808729d8b61656c751ea8cb04835d88462e5	0
uquant/config/validation/__init__.py	761	4dd18efc6b929a700f4adc12cc41fd136968ae52c7d70499f62cc285d3cb386c	0
uquant/config/validation/execution.py	1135	2466c15b4b2b8274b26c54a87093ad1349437062c0fc48c19644dec6fd9be271	1
uquant/config/validation/market.py	2100	493214c5bcffe98092f0f8e56b5a5c252cf49d5ce5c3a07353e7190c6698adf5	2
uquant/config/validation/portfolio.py	1863	33b347cc308f1e601ff26a38b56aecf43bf63547ac31d3f7b737de258117b08b	1
uquant/config/validation/recovery.py	3397	f776c11302313b0373c404e8a3527694609ec3c92c1e2e0451d69ea7c9e37977	1
uquant/config/validation/risk.py	9061	70355699327197390ed3736d93ffe452147c7ec7df708082489ee3609995329f	6
uquant/config/validation/sentinel.py	1509	9a774275a33a98b3489357da336242e27ce8b2af5b2e409da699730154eadb65	1
uquant/config/validation/strategic.py	9146	78e958c05ca83ed9ac45c5b4ac61554bddabe9f72671aa6d7f2d93e17daea7ba	7
uquant/config_governance.py	20427	5ea422b60c38e6b295ba75561d22248fe4f007e6b14839e25431f34c55fb5391	16
uquant/contracts/__init__.py	74	e890f962fbf03992e03e7718572d4c5c3281e1ce9ff3fde2ee321cc76c5c6562	0
uquant/contracts/json.py	461	74726b04019ec5a22e441fa67819dd152a53419fbebac7d8ff507b76870a23e6	0
uquant/contracts/runtime_identity.py	2776	c064e04026223f622a0c06db494be7164e808e47d29f5b6193cc442c3add93ae	2
uquant/contracts/source_surfaces.py	4723	6b613e8257caaf1d712a2b5436074cd02598876c85e3e7d0cd75a2fb0909120a	5
uquant/contracts/strict_json.py	1524	0183d209d7271fa1c0889edafdb7483943e166fa41ae2c95a3c7adf7119fc9f2	5
uquant/contracts/universe.py	18501	b1def61fe6c63519517d0b445eaf70fb994222f458dd2bffacc03aaf33892101	23
uquant/data.py	10487	460acc138106b0a26f3f5143f78aedb4537648674cffd64dc1f02343902074f9	11
uquant/engine.py	7788	12d234e170fb88e0372e635adb7143466b2e3c1d8f3463b0c40820fd2d486b82	15
uquant/execution/__init__.py	1199	f5d190f9c0bad85e53b39f8af468de44444c2aa97abc299b209be35c03b4ecda	0
uquant/execution/fees.py	561	799cc451ce7c6520821b3476fb0996b846309eb0804e2882e0cae5afc837fb64	1
uquant/execution/market_constraints.py	1077	4e437c52926e21440548ef26c560d0aa080bafd3ca27e545b5cb73c650855fd7	2
uquant/execution/open_execution.py	22324	26952214a53101c2ea6981e916f73a4bfafe88d16ac16dac59d4ed984f13de6a	11
uquant/execution/order_planning.py	10557	f5d0dc9ea1c53d5ac39a92b67181181c6d6de72a6cd3270e547d1159ea676acb	6
uquant/execution/pending.py	4759	b5e90abed120eb4503e6bb71ccb58eb9586f71f9a5713df7c927ede1ac8278c3	6
uquant/execution/reconciliation.py	12854	ee45810ea8bd19d4463400e1bfd4fdfe3a1c03dca753338958627cc95907e0ec	7
uquant/execution/tranches.py	6421	a8085d0bba3fa4ddd4b2edd7782141739f5f673d3fe5a669eb5c080ea610db9e	5
uquant/execution_journal.py	5832	4c7b26bdeaa6065d0cef5cbdb8bd9b26f3e691997d8974c0f39344d81df5808f	8
uquant/features.py	5151	f86cad859997a19b904d9579444a91482ecc553088f2892e1f55596af2e1cc0c	4
uquant/holding_history.py	6465	9ed32feddef7bf55115c25ee63a55e1460432e0221c4eef78f460ad824c68a58	9
uquant/industry.py	5939	c0d930078389ab6ffaa2556f3790f1f99b761efa94c0facd9791a78ab119fad6	5
uquant/infrastructure/__init__.py	65	cf510df724cbb7a1454735d4302e67676456f619fa9396368205e37c20de3fe6	0
uquant/infrastructure/atomic_files.py	7389	71bd7b31a30d64b568c88378a7834117a3f103e7ad7063af702013d2bb80f8dd	10
uquant/infrastructure/file_lock.py	4532	68a3f6bfd992cbed1df696ea9e2f62a2d0baf3195e064c9a0961f7b983bc765e	12
uquant/infrastructure/git_source.py	3933	b3df6f99e75fcf0c5d8a0b2de53ead2f5e9632e43ce46b80d86495bee6c592fc	6
uquant/leader.py	27727	cb310a6ed671b0ff0633efda86ee7584f6e66fef51f9f034f5f3932c23cc9c90	18
uquant/market/__init__.py	283	28f2b1bdbfa66a1f34bfa71040aafda7b0434b695f8f826f196d7e3db3cdfae4	0
uquant/market/replay.py	6537	a77f0615f9fdecf9f4027dbde87136cc31004650e51c0b18eea9fd541877f1e3	19
uquant/market/workspace.py	7280	03dd1372424a1c27b4e8b91f73078c31f92a70d6de3a702b8720a8a1bf620834	21
uquant/market_risk.py	3114	89bd6adb18dfb7c3340710fb9bc27f7e3acf1b033d2467121212510caec314dc	3
uquant/models/__init__.py	5352	5e4e03a1f16b1658a9b5819566ba96c8eb303e687e8bfb7dbd41000ebe07ad0e	0
uquant/models/account.py	5602	f43444fd66ca717b4c0ebd9829473f5356bc55d37986622523bd9cedaa104a57	2
uquant/models/decision.py	7047	c16a0a100be119c02fcab54688d90b116efd8d725b205b0ccb1e2d1d6eab7bb3	2
uquant/models/enums.py	3223	2af32a07ed9d3da570d45fff32a926215936476d1e515244c098c5f54b908155	0
uquant/models/ordinary_entry.py	12139	f61b7d748f2c81a18d296d3e4275bad00396c15576df17bd850eca28d51005ee	15
uquant/models/ordinary_state.py	3226	0f058df9beca9dcfda0fa6de43d1db033f645dd75d52f71530137c47b97c198d	13
uquant/models/strategic_epoch.py	19122	edac3c5edae5526251bd55497e9878457a15fb932f98eff38f68699010497043	25
uquant/models/strategic_grant.py	15732	73d4dd313e900b50c2515089f8c6950ccea31ac080f87871add46e30822b53a8	18
uquant/models/strategic_rearm.py	30569	566095668cf62f06e35da389487d2b19221dce4b98f6140c88a13cfe2e22912e	20
uquant/models/strategic_universe.py	6385	fa74cb1e2f83564487c3255138c6582767a084ebc0a79b6ec04597e66dbba02d	6
uquant/models/trading.py	18775	d4eebc098e4b3237be9dc6ba54c09e3c6e7307b0e2d5f7f4bf2e52b681525fce	26
uquant/observation/__init__.py	59	4c900ca7e524813e13560b9b2c4eb933b438d877497074c3669125d8bf0639b6	0
uquant/observation/execution_journal/__init__.py	1271	bad3779fc81d4da9d2da15932dacfddb560194d57a67e1f3108df707b84f22f0	0
uquant/observation/execution_journal/checkpoint.py	1251	e290d0225c6ed066a5f3af9bf052feb25f425c7321e1daf273d2e36e9d62bb7a	2
uquant/observation/execution_journal/codec_v1.py	3304	16a7485ba3d172d05447a01e30cc05c1a120154034e4582a265348dd50931db4	5
uquant/observation/execution_journal/codec_v2.py	7153	9a04c5646dcb861d98862c9c4e8e4d6faff69e60e95132b95cb063e47ca3d020	5
uquant/observation/execution_journal/lifecycle.py	11400	df1c541a9b7f3c3eb38c5f66f599584e6a26100f583e1cca3ba4786edfe5392d	12
uquant/observation/execution_journal/models.py	3388	ced2205a7a8f42b4ab82ff270668962e42fdc516d910f8fa27a1155a9158625c	1
uquant/observation/execution_journal/rendering.py	4376	b0a5c23aedea7c13802d1d694144f2bbb4dcaf4d5bdefc4a6bac78bdcc629a75	4
uquant/observation/execution_journal/store.py	13040	195be453d5f80e242d74a43e01dc06388adc5199ddca326377601f4a145fd207	12
uquant/opportunity.py	8913	a99bc61a1a5901a1f05e86e9a613542571448451e32ffeff35cb45d970f64abf	4
uquant/ordinary_pullback.py	5939	3a39b02f54266d790edf44c8231a98649476633ac50b849df723f69073827f08	6
uquant/portfolio/__init__.py	228	99a9074e727ac37a711f339ad7020f6b4739c5092cb5775f1bc2a0f164dc3f27	0
uquant/portfolio/allocation_book.py	2951	7637bcfcd31f635f146d53639af40c04b9af859ce0ebae7ed171da6de7500645	3
uquant/portfolio/allocator.py	15694	0924e1493dab8a70e6da30681f67d460e4c316d952ddb4b9d8545dc2b4e2a3ae	18
uquant/portfolio/capital.py	5633	c9ca2ff76069685989c1c15a2d639b60571d5645debef02c0f8df4e18399d905	4
uquant/portfolio/freeze.py	11643	ee7212c2bac963cca32db876c15bd2c63d2907ae8c1cddae8ce60a8204630c9a	8
uquant/portfolio/leaders/__init__.py	109	c5d6b5b2d613bda24c2903373c7324d897921566cbcc6cd5ea8115fc783b5aea	0
uquant/portfolio/leaders/admission.py	14576	7ce52e58724805ed2f63ccf82955024084ef0ddf9c2b03f77a40c8fa18fb5458	19
uquant/portfolio/leaders/cycle.py	9147	540e4e02dc1376ecfd5ab13bdee30f077935180f310923b8f3ef6bacef4901b4	8
uquant/portfolio/leaders/lifecycle.py	8800	911a8c5ff2c8117aa6231facef953d7b102505257701425a6702d4c7ddfc6d36	8
uquant/portfolio/leaders/targets.py	2635	84cdc96fb8b4d7fad988fbc3950d50b7baa6e66a71f56c4cb22e7bb790a8da28	1
uquant/portfolio/ordinary.py	16006	327c23453dda7debf85fd558e04988e0d603ecc9eaef613f110befb6470be248	13
uquant/portfolio/pipeline.py	59552	a373e848af8cf03aa4c230e8dd10502ab446a16abbccfec9ffa05f495163711d	38
uquant/portfolio/recovery/__init__.py	157	cdb1312b88dd4ec135f06e8ea00abb4571ab9853be3ec4f7e35d3ce5a64a79f3	0
uquant/portfolio/recovery/admission.py	2878	bd24644fc1d32c5a2a086a4e6da2e6d3577448b41e6349027e13723456270f09	2
uquant/portfolio/recovery/cohort_admission.py	18531	eb11b378ed2bc601b1d7ef868b778540be32af1caf0853ea4d69ffe934869591	13
uquant/portfolio/recovery/current_cohort.py	17905	4ce160f3f4afa0aa436acf384022d5363e2c680b3a1ffded0f38d2a773f4194a	17
uquant/portfolio/recovery/substitution.py	85	eabf143953ac32816b796c5935b8dcbe1f74af8936761f7cc259b33a6a69e512	0
uquant/portfolio/recovery/tactical_admission.py	14741	adc5fd34ac33147dc3b4b3d4f15148064c224d414aca801d073950191e44e55a	10
uquant/portfolio/recovery/targets.py	3687	8f2ee940c75a0382f1adb9ef2de5b2c0c5a46ed2f58f39a546587b1301862c71	5
uquant/portfolio/risk_reduction.py	20160	be9545cba59132f620c5eb0a20395484b05f2248a1dd4dcfcac0cd2df8813988	14
uquant/portfolio/strategic/__init__.py	118	fea0756c8a2ac4ceda1afe22ea28b3e2e37f1eebc768614edb98dd73327ef4e6	0
uquant/portfolio/strategic/authority.py	12432	1a7b27c11bce0f235e05df195385eaf454827c788bd904706a1c2c8b6d5659c3	9
uquant/portfolio/strategic/discovery.py	42121	b389f5071234446472ca35f7b9e65bb83fb4a3688443d72ec2c7588357397f00	32
uquant/portfolio/strategic/grant_lifecycle.py	28473	7889a449354bddb5fccfeeddf1ff0132c444ccdd289c17b6a2ae19441536a0f4	22
uquant/portfolio/strategic/lifecycle.py	36772	07ae9b7adcb258b5710840a0ee6f4f5c05ab6d80703d2e2030587a6905105e15	24
uquant/portfolio/strategic/ownership.py	17547	44bb992979f3b3ec969158df79848f497b2407e9ee17a9fb10cc779dfceafc3f	11
uquant/portfolio/strategic/qualification_candidates.py	29528	d730c58e66efdb5b4405000db0b435c59f98ba0bfa08e9980cabae8b57a0121c	27
uquant/portfolio/strategic/quorum.py	13412	0d16586c75c5288c0b900a5d500b6648d7cceb7a734f5838b83a1fcf5d0c94e3	11
uquant/portfolio/strategic/rearm.py	35798	935c78c68cd83a55c16fe5e9b3c0b9c5118f3055446ed479e7d6c8195da7ddfc	29
uquant/portfolio/strategic/rearm_predicates.py	18940	56f2ebc0847adc92592afcb4c24dfc392c358b74f91bd6eab6ba24eb64ac5d10	12
uquant/portfolio/strategic/targets.py	2504	92255c376ecf779d9a1743ed7d7d400818d2ca12e7e9585492bb105af4c96f27	2
uquant/portfolio_core.py	16394	604c5b2cb389afafae8da969fc6b19b91b9a7c457a6c55eeae149d9a0a53d035	17
uquant/portfolio_leaders.py	153	3e82027ab8d92df0b51fe4eb87dc321039dfef0b1531f4c3f5ec20db587a0af6	0
uquant/portfolio_recovery.py	156	8e9885184836f6110222527d0b7b6549009d0cdfb7f42b3e7758da4a13119143	0
uquant/portfolio_strategic.py	204	75511ac54f18a02d3f37ebd9732e6a057d90a26fee703af5476fe87d3d15e99e	0
uquant/provenance/__init__.py	57	b5045f8062c961454701f42b4e144e5886c12fa9b3b6aa79ff8099d156f947bf	0
uquant/provenance/fingerprints.py	2576	760dcacebfe6b4b6b1e51a833c099bdc76c99d3b74c938477b066b0b9f2296f0	4
uquant/provenance/source_surfaces.py	764	8b2928360c6fc7e12f0041259c9a886cce69c3351f4c6760afbeb229244d8dea	0
uquant/provenance/surfaces.py	2989	fddc411d5ecba7a5f43971d626ef63aa46a9ccc43f13b29393e5f816fca2ec86	4
uquant/reference.py	9153	34864307002905b9d001adb3dddc16694313d8a0f070a1fabf5a4aa945defe64	5
uquant/reference_registry.py	3785	26039619bb389bbca3ec4b919e4405f735fa9c7c0b630f1cfd9d5d46cf7ce0a3	3
uquant/report.py	38423	e83b3599bd6d2152f5d66b1a11a68e74da630b49574a3883b784f1333709e506	24
uquant/risk/__init__.py	4362	f3e9bbbcb56144a20c60cc1e5dc5efbe23ebf13cee5bf3ee37e5b153b7196de0	3
uquant/risk/anchors.py	8681	236f421e50247ec117678b3d4cbe2d10624f05a5067773a4165266f1c9f77765	5
uquant/risk/assessment.py	22244	fae5b7cfef4995de916dddd36fb7e0cfc202ab202b848853016c6d3bb9e9d829	11
uquant/risk/capital.py	12314	666c0bfa2a15332da63097a45a1e2dbf3f023fa9bbe45c5fabd170fe27faf4aa	9
uquant/risk/confirmed_break.py	11188	02f9aef902661e07144ef4bb5990f3a864efe404391e4a556c3b0b60c155186e	7
uquant/risk/market_book.py	21740	c91371ad491f32ab934d97de1125ddee8a79c67e75a7ba56419c87cceb8d4e97	14
uquant/risk/protected_recovery.py	22882	52a810ce4e09e4fbf98da34def17b6e4a87f26b94fab84786b039f424978b38a	20
uquant/risk/pullback.py	3719	83bf8f969c80a03881d385b1db5204060b9eff02af624c9a4456144c108262e2	3
uquant/risk/recovery_state.py	13840	a332aa7444e9d77e9c47f46a42709b9c504a4244db5d0899588d209c065468ea	13
uquant/risk/strategic_guard.py	7050	e903683cfa198bd71d4baef752d72cd50c6740984635428b48ba572e5eccba09	7
uquant/risk/transition_resolution.py	8554	0582a164b46155bdbd7f8ac819133e8ff2ccd924d9a5aa2c32e78499fd3b9eae	8
uquant/risk/transitions.py	21910	e19f6003aa42d6e1bbb0ab35d5218053c396339f69353619924d94390177e094	11
uquant/risk_sector.py	11253	fd4fde719659b1a755b16f2e982d1301b89417a226054b8be736beaeef96a51a	7
uquant/risk_sentinel/__init__.py	453	517fbb2d4324f7d05968d3cb3362c111bbff5caf7f0458bf24d127bb88591218	0
uquant/risk_sentinel/__main__.py	129	bd8294be1fa61a07efdc482c28eaa67d7276a828e1cd2b433136fd3f84d80312	0
uquant/risk_sentinel/calibration.py	13041	e45ce01b1ee8e90d0188e0128fa47728a7450dce0f02360b7e691c580c4984c1	10
uquant/risk_sentinel/cli.py	12719	137ad974a120e7d8aea27d137d364b735198168f38f36b6b23cb9002559e49b9	10
uquant/risk_sentinel/coverage.py	4836	1f54543ced90986d61277e68ea149d85dce98ca98d52eb53d2053b6090b2c79e	3
uquant/risk_sentinel/evidence.py	14074	8a3b704d8c84d54bedb91d6d929d657fc583f7d08db9c79854c6e1d061e39d31	11
uquant/risk_sentinel/history.py	29904	bbc08cba4421c3c39039a246d5f1ae76ebb4055fcc4e5953b1976eb1e3df0597	25
uquant/risk_sentinel/history_cache.py	6074	f7c43ac323b203ff23e7e22bea679d1aff7976f5c972c7e7f72371f6fd86f50a	3
uquant/risk_sentinel/integration.py	6636	b7a5556736f07edbae0ae7d4a63181a2e0e04ca276e32b68f9732429a4b81c5e	6
uquant/risk_sentinel/models.py	13776	0a0080a8ba6eb08a168022442a6939fddc1c98a07dc24b26e1ec471be4a2a13d	13
uquant/risk_sentinel/opinion.py	2498	6c66599f720600d497e9b85ce28659a15cc5fb115734aa83851f4ab3a3492e83	1
uquant/risk_sentinel/provenance.py	3361	f43f368b4e7dddbc8b1d041ddd23113c951295220217c579aa8cfe90a2cc144f	3
uquant/risk_sentinel/service.py	1821	0e66a694b5f02f6c24b4be32dcd48b1972cd5abf8267086ac2034f61e6877b1a	1
uquant/risk_sentinel/source_identity_archive.py	30350	a83be20cb6bf8a17b665a87658190d3edb7eecac48ce66018a4a2bdcb114188c	1
uquant/risk_sentinel/validation.py	2308	c5741d4b0bcda39ec5f1bc81096c11e740b8fa401b20c4df27872202e17d3c39	1
uquant/types.py	3325	55b28908ccff4b1880b4474852056478e86387eb501e56be019457acae54ca72	0
uquant/validation/__init__.py	1224	84c9f997139058b8565389cfc0a77c07e0b7ebab2a26e800ce1520df7121eda1	1
uquant/validation/__main__.py	120	4730da660d06aabad7183a169100cc16f49e84cf0ac84e5c2583c70e75ac81a2	0
uquant/validation/_promotion_cache.py	2878	790c1798802133a34cc0f0ba826a1c39fc6a334198d1b38a9c1d83cea61a2df4	3
uquant/validation/absolute_generalization/__init__.py	2822	3054c10e82a110df40be55d70705c7f852a6e61fc67000fcca1818e33b26ae2b	0
uquant/validation/absolute_generalization/_acceptance_evidence.py	40578	a6122aed0c3c570bcdb098fac762fd703bfbe8f3500263773376a87b121802ab	33
uquant/validation/absolute_generalization/_account_payload.py	4052	231ed78f90a6e187814f58ca2e6c33ef2dc23b68bd1129b025eb71b6bb383149	2
uquant/validation/absolute_generalization/_champion_runtime_reconciliation.py	17563	5a471f4f43682054c414631470f8514ab3a59aae8e6746b1282c8a55f1f57965	14
uquant/validation/absolute_generalization/_epoch_realization.py	3762	096885dfa01ae725a0e4e17be3298fa38c53b5d93cd769169d8e59fbecbe5f0a	4
uquant/validation/absolute_generalization/_execution_chain_reconciliation.py	21205	ef66065203aa041dcd70417977ecc65e40f88e894eb51183c54cc1392aa34bc5	14
uquant/validation/absolute_generalization/_metric_primitives.py	4802	70c9a1ac218cc9abe325a60250307ab2ef6e406245a0813b1f28874cc567ce35	11
uquant/validation/absolute_generalization/_metrics_reconciliation.py	44803	029bac985cf4e008cfab836be79debc97fbe5e56d49d7429685fdd98a1d213fc	25
uquant/validation/absolute_generalization/_physical_identity.py	4335	b701246abffa90ac1ad5eef6940373424c01871ee274bc2b6504e05ca334b484	8
uquant/validation/absolute_generalization/_reachability_codec.py	16279	dd3be3657b64de2a1e037e8c308584e6ab194629bfadc414def75abaf456a3de	11
uquant/validation/absolute_generalization/_reachability_graph.py	2858	313087ee32708678fe100096e1360683d29cc944e6ff1c4fe0f2cadc593a3f96	3
uquant/validation/absolute_generalization/_reachability_recovery.py	10701	b7db15025d9c4bfbd49a2193474bdb3824e01c8a85740979be08b9322cfbd380	7
uquant/validation/absolute_generalization/_recovery_runtime_fixtures.py	9737	4c5ae5b07013995fe5b7c212b90b24ee51229eaa3139f953e905b4aa7581d461	7
uquant/validation/absolute_generalization/_replay_codec.py	22586	2083ea0a6122909cb31ae144ed28632293f0ea169bc3e2bcb97c65297598382f	25
uquant/validation/absolute_generalization/aggregation.py	35819	dc8197e38da2d7e7f26e15ac56b4a1ce0c77cbd6164a266cfc34c85521efecc9	46
uquant/validation/absolute_generalization/artifacts.py	37135	cfb5e6974547189dec285aaef2be7118d9f7071e4ac0e7e5372c1cfb8d44e2a1	37
uquant/validation/absolute_generalization/champion_physical.py	5397	450b5aaa5409478a2aba719a39a27d0ff1fd1a00defb73055e1bd3a3ca01e9e6	3
uquant/validation/absolute_generalization/contract.py	19283	4fba8711abe383aaf72b7a6b46221f9d9a316ffe64132a77a5faaad66dbcea60	13
uquant/validation/absolute_generalization/evidence_codec.py	4417	05120883f9c8866ee21001b7c13b7c3fd6c093ad05e86df5c56d10f403133894	12
uquant/validation/absolute_generalization/metrics.py	40402	17237f69d80f055a8601c1f32e310c4d4c387345c1e161c9855e16f4bbca28ed	32
uquant/validation/absolute_generalization/policy.py	30418	5c73c1d3de33d844726fd2acb7295fdd91dcdc1f67dc20b4bfc10487b8ef67a7	22
uquant/validation/absolute_generalization/reachability.py	30711	2ebe76da482fbc1a70afdee0114bd97a4ab4261f9d35b5a01d469cf5b2acb9f2	23
uquant/validation/absolute_generalization/recovery_runtime.py	34931	e6a7258cfeebd8666d3647bc7fd28c88b381df5bdad25ec5678d9709f868f0ed	25
uquant/validation/absolute_generalization/replay.py	34971	12b31539208f71eee74ebb9d3e165548147c4acb08099d272c2bad2fdf608af1	27
uquant/validation/absolute_generalization/runtime.py	16423	2c94f840581d5cf08f6d674b130cc3c860b93bde334cb34d66e7d173228aa9fb	20
uquant/validation/absolute_generalization/scenarios.py	4708	8985e6c28e63cc10327e6879dd74c8f6026b8110154d36df9532ea760c19fdfa	2
uquant/validation/acceptance_tolerance.py	7562	02badad8cde3311aaf65f3ac7b1367757fc76165c2527e32d047f8bf4761f41b	6
uquant/validation/ai_era.py	489	53ade4c2345dcad43e59dda2cc040021f99ba2cbebbdee1648fe33fcd3ea57ef	0
uquant/validation/ci_artifacts.py	24147	1d7234f8b81eafde9f45170dde07bea04ffa1ab3727426fff83efb2ab10f074d	21
uquant/validation/cli.py	6341	539a3f1d6d86436001fb852f58fcb81c69b8f39693311d9b795bee5e897bf2c6	5
uquant/validation/competitor.py	31787	177f2820f0bb9c5f2b7b84a84e7236a3a9e9086de7179d8ac50a553c125f389f	33
uquant/validation/competitor_reference.py	1076	076f47d9f04f5b355ae4e05750a72823a54831be543178685c05f60d2f081219	0
uquant/validation/control_plane.py	28890	d7017f7ad2d6819a63437dc3fd8f706948a0ec0b190bf53e25f162b58cf6f271	20
uquant/validation/equivalence.py	19292	42afcb359fc9f00a46f202abef68cc328979d81d8d6944b8343716d28e4827ab	13
uquant/validation/evidence_source.py	2079	9ac73bd56ba60de9b3e2a277553d234db66f4399a8e32f60965b7244daeac4c7	1
uquant/validation/execution_journal.py	1680	73324ca752c764ab9a94a56e3086e0ec6cf619c70ee91ed27d1cc58d36af7ac2	0
uquant/validation/generalization/__init__.py	7457	16ff80b6dbd58864ec1fabdfd670ef49eb66e06b62b3729ab1becbab6b93bf19	4
uquant/validation/generalization/baseline.py	14371	7874dfd3fa43e9fcb8743f9f9312b11b5e6a15b27e9748f10a09fd6cd3098bfe	9
uquant/validation/generalization/gates.py	24074	1420c398ad9ee68d9da9620bcfd67e8a91983ca9b24160ccaac0224c0e8371fd	13
uquant/validation/generalization/metrics.py	11082	69e34d74bd4ac70f169ff6d3ab8ee4049cadb54d3966fd5905108ccd2dd560e0	9
uquant/validation/generalization/models.py	10968	e56b38e5f2c7442728595966c3b3433bc4caf3765cd6e302142f28e04bc8d0f9	8
uquant/validation/generalization/provenance.py	16377	c57c98c966f7f8d174884e38295a1685d38d261bf445bfef86fc866e12641038	15
uquant/validation/generalization/runner.py	9362	f8d03bf0e902263468d73c8e8e1d3bcf71631d619ac547e9380f63c4f240dca2	4
uquant/validation/generalization/scenarios.py	16769	1c44b40be6967daba13e0643c8b4f4311acb5b2691d7590f42d62b5bebe3c687	13
uquant/validation/generalization_contract.py	18896	908bf47b478ac03d997075eac16055f6467166ef3a5823a2d5547cb91d629253	17
uquant/validation/generalization_matrix.py	19860	eee76f51c448f4c2bed09159ddbc3199a6d9426f60f1513668020a7ab76edad5	15
uquant/validation/generalization_matrix_evidence.py	12525	757743b6efc3073712723c035662bc9d04c526c8fc6f523f7a13b8cee91c68e3	13
uquant/validation/generalization_matrix_validation.py	17445	1e21738b9ee852a18d89c0531c7841443b77c665a2bf22f10bebdff6a7018cc0	15
uquant/validation/generalization_policy/__init__.py	58	7bd7b212a64978a80d1923b938b41ad82cccfa6a13c2675a267cc1573b34d593	0
uquant/validation/generalization_policy/cell_policy.py	5319	63b2e345fad77852e90df3f95b5c9f319dcb2ed66dcdea2148af5e3f526ce852	5
uquant/validation/generalization_policy/cells.py	19946	58e7090044ad043c33ea7e15877c61ed0b875d0fda70347f5ca8e5bdcb835c8c	13
uquant/validation/generalization_policy/evaluation_stages.py	30989	226425e6963979c7324923328aac16bfc430c27c23c4dbb0fa6fb8abd7061bff	27
uquant/validation/generalization_policy/evaluator.py	3971	6ab256a86af07184c0a29d29af6ae1ec5adae052d21b91de5a8f8a0456a80687	7
uquant/validation/generalization_policy/projection.py	8587	d9792d5dec14346e15481e3a05d58f4316182c7cea0f3ca2ca19d34319fda479	9
uquant/validation/generalization_policy/schema.py	19397	e7756a04e24b4c34c51f795da9f7523b994fdeecca21d4ce383e57257c6871c9	29
uquant/validation/generalization_policy/tail_evaluation.py	9380	68aee9ba705540b0b9491cc5c9d0a24856e5f7ab6e59179e12e22ab33010eace	7
uquant/validation/generalization_reference.py	6432	361320c454b01748fc652a9860df473f374302df935a51814ec19d28ad72d884	2
uquant/validation/holdout/__init__.py	11196	908ee198300f527b37869dd1eba945711b49eaea3bf2c35cefa8ab6750e56ba0	1
uquant/validation/holdout/artifact_transaction.py	17147	7bc1ca2e2596b36cf9513f25318209722fa43a0849ba96f41fdba4f982cbd9c9	15
uquant/validation/holdout/capabilities.py	4958	646c8ba7c231fd354032a3b936c41391d732c1cbed745b03cee349dd8bbf329a	18
uquant/validation/holdout/checkpoints.py	10562	aa8144289cb0d71f5e90f1c86ce88d680efb18b7e5b996370b1e7a7db53e5bdc	7
uquant/validation/holdout/cli_operations.py	9648	e7f8401d4bc93d8cfbf30fd1c98440094a8cc49546041e721e25b3eb54128a6a	10
uquant/validation/holdout/contract.py	24021	91740fb3ca31ee64a439d121571a658fcdf1e7d1e52e336c43af1b4b882bf06e	25
uquant/validation/holdout/lanes.py	15890	cba400ef0a6c06ef39f178a8d01a86f600dfa75aa6af1432d24497e8e2a2ed5d	15
uquant/validation/holdout/manifest.py	8685	6c1086e2648969036fea775dd418d83629ce2ff58a06abf9570d402d564add5c	5
uquant/validation/holdout/replay.py	22649	61848cee90db03b6dfd159e5206980d0a8176fc468d42832784802dd22132169	20
uquant/validation/holdout/service.py	23024	92c88e72991db73689e6143cfc9b96667008f5474abd98f315994237969c7fbd	14
uquant/validation/holdout/snapshots.py	14896	565cbd2b372c71d87798050b835fe570320b1062eaf288fa98b85027fee9b7ab	12
uquant/validation/holdout/source_identity.py	22320	ff44e8a1d55eda9f520015c28225adcd806f192dfd58a8f5ae17ce9494a31128	24
uquant/validation/holdout_lanes.py	2216	3fbde507ecfc19d0b94b39a428cdfa9e9e21a55c5811e94b65b25a37a45eaae5	0
uquant/validation/holdout_runtime.py	6594	6f02af32b77ac5c317e569e563f7154f2d1e1de3b1277844dde7a38113a9e635	2
uquant/validation/manifest.py	4873	4a518d36d2aafb79c7a3cb9e5cc406d94cd392a962c1f2c0154b95e8231c25e8	4
uquant/validation/parameter_policy.py	2833	e2136f36e16c5c58ca94863c2291ed7a6e776f0342891461169eb66e8886ea59	2
uquant/validation/production_observation.py	30114	c7d6db9b94982812bb284e936ca9b42e596a7f90bb0ce1cd8e9394c641cda490	27
uquant/validation/production_observation_contract.py	1007	b59da03880a705711dc476669f36dded001657d75e3b78d8dbadf88d3f022f84	0
uquant/validation/promotion.py	39913	0be6a51e67ce9413d96de956667897720c9bb1f69ddd3b40265ea9fbbf9dcc17	38
uquant/validation/promotion_contract.py	4060	2c50e66c2e8d97548517325bbd3b8410ea3921da8d03e2d7f1d15dc58b0bfb5e	17
uquant/validation/replay_evidence.py	3323	fd66e75ef8cf10558996ee8e91ab02eefd36e8d360cf76940f466786fe11052e	3
uquant/validation/statistics.py	1551	1256fc456cf0687fe8e1d560fa66caf8c12220506a071528de01f9f5846a08a4	2
uquant/validation/universe.py	2033	4b283995727d92d0e90b90aa5a6f8adf25425e0d598e659ac432fde7c67c7d30	0
