date,open,high,low,close,volume,amount
2022-01-04,37.75,39.57,36.97,37.76,940200.0,105468270.0
2022-01-05,37.75,38.29,35.14,35.85,1007300.0,107695038.0
2022-01-06,35.82,38.23,34.86,37.27,932100.0,100486445.0
2022-01-07,37.25,37.66,35.32,36.74,960800.0,103498021.0
2022-01-10,36.59,38.33,34.85,36.99,956800.0,103383723.0
2022-01-11,37.79,37.79,35.36,36.63,816300.0,87661260.0
2022-01-12,36.63,39.4,36.63,36.97,798600.0,88812673.0
2022-01-13,36.2,37.05,34.81,35.09,749300.0,78997540.0
2022-01-14,34.51,37.42,34.36,34.76,956400.0,99550499.0
2022-01-17,33.92,35.66,33.21,34.76,528600.0,54188275.0
2022-01-18,34.93,36.72,34.46,36.38,859100.0,90921145.0
2022-01-19,36.53,36.53,33.67,34.24,871200.0,88891937.0
2022-01-20,33.88,35.84,33.04,34.37,1036800.0,105099098.0
2022-01-21,34.24,35.48,33.17,34.82,754700.0,76806090.0
2022-01-24,34.55,36.57,33.88,35.95,673600.0,70184559.0
2022-01-25,36.38,36.38,32.3,33.09,1980800.0,195315481.0
2022-01-26,32.28,34.04,31.81,33.02,900800.0,87877066.0
2022-01-27,32.5,34.4,32.47,32.65,1058800.0,104436051.0
2022-01-28,32.63,34.38,30.85,33.88,2151800.0,208078429.0
2022-02-07,34.12,34.6,31.81,32.71,768100.0,74349679.0
2022-02-08,32.85,33.0,31.21,32.02,601600.0,56777595.0
2022-02-09,31.79,32.06,30.68,31.39,902900.0,83964626.0
2022-02-10,31.67,31.74,29.82,30.18,1139400.0,102837703.0
2022-02-11,30.38,30.38,28.79,28.96,1517600.0,131705268.0
2022-02-14,28.74,30.27,28.6,29.61,1015200.0,89665324.0
2022-02-15,28.78,31.03,28.78,30.54,791500.0,71784031.0
2022-02-16,31.0,31.43,30.22,30.71,652300.0,59913141.0
2022-02-17,30.71,32.17,30.55,31.93,669400.0,62753830.0
2022-02-18,31.71,33.06,31.27,32.85,724100.0,69780813.0
2022-02-21,33.21,33.67,32.57,33.42,507100.0,49879891.0
2022-02-22,33.42,33.42,32.23,32.91,404800.0,38984502.0
2022-02-23,32.53,35.74,32.53,35.09,752900.0,77333949.0
2022-02-24,35.02,35.58,33.88,34.06,586600.0,59809998.0
2022-02-25,35.24,36.38,34.44,35.67,869600.0,90815706.0
2022-02-28,35.34,36.45,34.45,35.17,605200.0,62856469.0
2022-03-01,35.34,35.46,34.11,34.45,515000.0,52649149.0
2022-03-02,34.89,34.89,33.55,33.89,470300.0,47157577.0
2022-03-03,34.26,34.26,32.21,32.35,797200.0,77055223.0
2022-03-04,32.25,32.43,31.04,32.1,1052700.0,98761438.0
2022-03-07,31.75,32.1,30.13,30.91,1207300.0,110544820.0
2022-03-08,31.4,31.4,29.68,29.96,968400.0,87842450.0
2022-03-09,29.8,31.62,29.8,31.09,1217900.0,111708925.0
2022-03-10,32.14,32.62,31.32,31.39,837000.0,79106745.0
2022-03-11,31.13,32.07,30.49,31.47,685200.0,63633883.0
2022-03-14,31.7,32.33,29.72,29.72,550100.0,50037670.0
2022-03-15,29.76,30.68,28.66,28.66,892900.0,78747406.0
2022-03-16,29.17,30.62,27.05,30.2,1104100.0,93806280.0
2022-03-17,30.24,32.14,30.18,31.7,778300.0,71904999.0
2022-03-18,31.43,31.94,30.15,30.64,525600.0,48033859.0
2022-03-21,30.63,30.64,29.65,30.64,377900.0,33837800.0
2022-03-22,30.61,30.61,29.29,29.5,501300.0,44184598.0
2022-03-23,29.85,29.85,28.9,29.48,272300.0,23680864.0
2022-03-24,29.23,29.48,28.04,28.54,497100.0,42408578.0
2022-03-25,28.65,29.71,28.36,28.65,444700.0,38365996.0
2022-03-28,28.19,28.64,27.25,27.69,498400.0,41210867.0
2022-03-29,28.0,28.19,26.68,27.22,625500.0,50734648.0
2022-03-30,27.69,28.86,27.5,28.49,508400.0,43082486.0
2022-03-31,28.19,29.25,27.54,28.12,640000.0,53789839.0
2022-04-01,27.69,27.93,26.98,27.86,594200.0,48666270.0
2022-04-06,26.97,28.28,26.62,26.96,852100.0,69143263.0
2022-04-07,26.84,27.08,25.36,25.94,1010000.0,78825245.0
2022-04-08,25.34,25.97,24.67,25.49,1464100.0,111083974.0
2022-04-11,25.51,25.74,24.09,24.29,639800.0,46964249.0
2022-04-12,24.5,24.95,23.96,24.34,719800.0,52734843.0
2022-04-13,24.58,24.58,23.38,23.63,773600.0,55497901.0
2022-04-14,24.06,24.7,23.72,24.13,562200.0,41016867.0
2022-04-15,23.34,24.54,22.5,23.56,1211000.0,85139550.0
2022-04-18,23.2,24.61,22.63,24.01,651200.0,47143085.0
2022-04-19,24.18,24.68,23.03,23.06,441500.0,31563765.0
2022-04-20,23.37,23.56,22.33,22.69,378700.0,26046502.0
2022-04-21,22.32,23.13,21.34,21.42,446700.0,29751476.0
2022-04-22,21.07,21.59,20.36,20.52,923800.0,58764521.0
2022-04-25,20.2,20.22,18.58,18.71,1344900.0,80260719.0
2022-04-26,18.71,19.08,17.21,17.36,1242500.0,68507039.0
2022-04-27,17.51,19.6,16.67,19.34,1803000.0,101535978.0
2022-04-28,19.67,19.67,18.6,18.84,955200.0,55384276.0
2022-04-29,19.11,20.67,18.75,20.25,959200.0,58108441.0
2022-05-05,20.57,21.6,19.65,21.42,835400.0,53696963.0
2022-05-06,20.84,21.26,20.27,20.28,610300.0,38345430.0
2022-05-09,20.21,21.2,19.72,20.42,791600.0,49057194.0
2022-05-10,19.68,21.64,19.64,21.4,771700.0,49374746.0
2022-05-11,21.27,23.43,21.24,22.39,1063600.0,73255266.0
2022-05-12,22.01,22.59,21.49,22.15,655800.0,43667516.0
2022-05-13,22.39,22.49,21.27,21.97,806400.0,53257707.0
2022-05-16,22.3,22.69,21.62,21.83,537400.0,35969119.0
2022-05-17,21.83,22.24,21.1,21.89,511500.0,33440011.0
2022-05-18,22.11,23.38,22.11,22.71,843100.0,57789710.0
2022-05-19,22.17,23.31,22.17,22.97,642900.0,44426962.0
2022-05-20,23.21,23.56,22.75,23.42,452800.0,31419225.0
2022-05-23,23.38,24.55,22.56,23.99,775600.0,54070762.0
2022-05-24,23.85,24.43,22.24,22.38,790400.0,55116620.0
2022-05-25,22.56,23.97,22.56,22.77,533200.0,36801174.0
2022-05-26,22.5,23.13,21.83,23.06,565000.0,38173784.0
2022-05-27,23.24,24.13,22.81,23.3,350400.0,24667841.0
2022-05-30,23.03,23.77,22.62,23.43,361400.0,25079221.0
2022-05-31,22.88,25.58,22.88,25.48,801700.0,58872053.0
2022-06-01,25.41,26.58,25.21,26.13,610700.0,47151667.0
2022-06-02,26.12,27.41,25.56,26.87,561100.0,43904652.0
2022-06-06,26.88,28.54,26.88,28.0,813400.0,67435991.0
2022-06-07,27.88,28.4,26.28,26.57,605300.0,48452877.0
2022-06-08,26.57,27.76,26.27,27.0,462400.0,37085683.0
2022-06-09,26.64,27.34,25.64,26.08,382800.0,29618836.0
2022-06-10,26.42,26.42,25.2,25.98,813000.0,62163427.0
2022-06-13,25.63,26.78,25.61,26.56,524300.0,40908238.0
2022-06-14,26.56,26.56,25.48,25.76,308700.0,23750338.0
2022-06-15,25.77,26.27,24.96,25.04,683600.0,51518797.0
2022-06-16,24.86,25.83,24.78,25.32,816500.0,61415529.0
2022-06-17,25.03,26.87,25.03,26.62,756900.0,58686637.0
2022-06-20,27.19,28.19,25.86,26.05,1079000.0,85041248.0
2022-06-21,25.91,25.99,24.25,24.77,1097200.0,81510342.0
2022-06-22,24.52,25.34,23.99,24.02,881600.0,64103788.0
2022-06-23,23.98,24.56,23.44,24.48,1218200.0,87251559.0
2022-06-24,24.84,27.08,24.84,26.44,2614300.0,205149072.0
2022-06-27,27.09,28.4,26.34,27.08,1182100.0,94810906.0
2022-06-28,27.51,29.59,27.51,27.77,1372300.0,114448729.0
2022-06-29,27.52,27.74,26.19,26.19,1369600.0,108448107.0
2022-06-30,26.0,26.58,25.56,26.14,863200.0,66748200.0
2022-07-01,26.42,26.42,25.03,25.19,898500.0,67778132.0
2022-07-04,25.17,25.17,24.31,24.59,1216800.0,89003307.0
2022-07-05,24.37,24.96,23.17,23.56,1261100.0,89217770.0
2022-07-06,23.56,24.72,23.42,23.98,862800.0,62124803.0
2022-07-07,23.88,24.3,23.07,23.34,897500.0,62871813.0
2022-07-08,23.45,23.91,23.35,23.49,578700.0,40796743.0
2022-07-11,23.74,23.74,22.53,22.62,549100.0,37456735.0
2022-07-12,22.42,22.76,21.33,21.64,746500.0,49273657.0
2022-07-13,21.7,21.99,21.36,21.64,379900.0,24678165.0
2022-07-14,21.67,22.62,21.4,22.24,474100.0,31521967.0
2022-07-15,22.32,23.31,22.27,22.72,782500.0,53786297.0
2022-07-18,22.72,23.67,22.61,23.45,752000.0,52213479.0
2022-07-19,23.46,24.39,23.42,23.71,786600.0,56238055.0
2022-07-20,24.1,24.22,23.37,23.7,525000.0,37201200.0
2022-07-21,23.7,25.36,23.61,24.95,1453700.0,107097808.0
2022-07-22,24.98,25.44,24.27,24.69,802700.0,59273393.0
2022-07-25,24.63,25.2,24.15,24.68,631400.0,46159203.0
2022-07-26,24.49,25.48,24.06,25.44,836300.0,62283318.0
2022-07-27,25.44,25.94,25.03,25.67,631600.0,48188677.0
2022-07-28,26.08,26.61,25.47,26.57,782200.0,60785772.0
2022-07-29,26.72,27.0,26.17,26.7,739200.0,58525782.0
2022-08-01,26.58,28.36,25.96,28.24,978000.0,79638235.0
2022-08-02,28.05,28.78,27.34,28.12,1310200.0,108531227.0
2022-08-03,27.87,29.09,27.19,27.37,1468200.0,122197949.0
2022-08-04,27.66,28.08,27.25,27.91,706300.0,57786525.0
2022-08-05,28.01,29.33,27.69,28.72,1115800.0,94529102.0
2022-08-08,29.75,29.88,28.33,29.54,978100.0,84032523.0
2022-08-09,29.14,29.54,28.1,28.64,734900.0,62147952.0
2022-08-10,29.99,34.67,29.83,33.21,4698800.0,468192017.0
2022-08-11,33.36,34.25,32.73,33.74,3908300.0,386170941.0
2022-08-12,34.26,34.46,32.14,32.7,2087400.0,202298896.0
2022-08-15,32.68,34.1,32.49,33.47,1886100.0,185022730.0
2022-08-16,33.46,34.06,32.86,33.7,836300.0,82572365.0
2022-08-17,34.05,34.37,32.26,32.39,930700.0,90018872.0
2022-08-18,31.98,33.0,31.97,32.85,745500.0,71498072.0
2022-08-19,32.55,32.82,30.58,30.77,1227300.0,113944206.0
2022-08-22,30.63,31.42,30.43,31.07,839900.0,76751220.0
2022-08-23,31.49,32.28,30.78,30.97,821900.0,75793560.0
2022-08-24,31.45,31.47,28.76,29.06,1479700.0,128589551.0
2022-08-25,29.54,29.7,27.53,28.33,841400.0,70236128.0
2022-08-26,28.33,29.03,27.89,28.01,604200.0,50693974.0
2022-08-29,27.54,28.49,26.89,27.25,1240700.0,101284491.0
2022-08-30,27.41,27.41,25.92,26.27,1501100.0,117789204.0
2022-08-31,26.45,26.45,25.23,25.69,1442700.0,110175934.0
2022-09-01,25.67,26.07,25.2,25.63,782500.0,59672164.0
2022-09-02,25.3,27.27,25.3,26.67,951700.0,75087325.0
2022-09-05,26.77,28.84,26.62,27.51,1287900.0,106168587.0
2022-09-06,28.28,28.62,27.38,28.51,711300.0,59317762.0
2022-09-07,28.32,30.81,28.15,30.19,1001900.0,88690883.0
2022-09-08,30.03,30.6,29.36,29.57,945400.0,83448198.0
2022-09-09,29.47,29.59,28.33,29.44,892800.0,76449614.0
2022-09-13,29.08,31.0,29.08,30.06,809700.0,72034074.0
2022-09-14,29.93,29.93,28.95,29.12,575400.0,49684001.0
2022-09-15,29.35,29.35,27.63,28.39,1456400.0,121678931.0
2022-09-16,27.86,29.06,27.83,28.37,709000.0,59847865.0
2022-09-19,28.72,28.95,26.91,27.09,676600.0,55125283.0
2022-09-20,27.75,28.23,26.94,27.58,750400.0,61460489.0
2022-09-21,27.52,27.58,26.69,26.78,564300.0,45233742.0
2022-09-22,26.69,27.67,26.46,27.21,531100.0,42597298.0
2022-09-23,27.33,27.33,25.38,25.56,1137100.0,87327330.0
2022-09-26,25.63,26.16,25.17,25.56,584300.0,44624135.0
2022-09-27,25.24,26.45,25.24,26.3,455300.0,35219853.0
2022-09-28,26.27,26.54,24.78,25.02,750300.0,56420069.0
2022-09-29,25.28,25.62,24.59,24.91,418800.0,31284093.0
2022-09-30,24.52,24.63,23.42,23.42,656300.0,46800295.0
2022-10-10,23.38,23.56,21.77,22.07,1002600.0,67310882.0
2022-10-11,22.23,22.23,21.35,21.83,1155500.0,75460453.0
2022-10-12,22.22,22.71,21.09,22.56,875600.0,57425461.0
2022-10-13,22.81,23.63,22.35,23.32,985800.0,68581079.0
2022-10-14,23.42,23.99,22.88,23.65,602600.0,42420272.0
2022-10-17,23.77,24.53,23.4,24.2,620300.0,44640855.0
2022-10-18,24.76,24.76,23.65,24.33,491800.0,35531738.0
2022-10-19,24.17,24.81,24.13,24.26,364600.0,26553846.0
2022-10-20,23.86,25.88,23.7,25.02,825100.0,60895366.0
2022-10-21,24.75,24.96,23.81,24.2,609000.0,44140928.0
2022-10-24,24.21,24.71,23.58,23.74,598100.0,42928229.0
2022-10-25,23.74,24.57,23.28,23.77,590600.0,42172470.0
2022-10-26,23.99,24.43,23.49,24.23,712200.0,50996116.0
2022-10-27,23.04,23.06,20.62,21.06,4419700.0,286139991.0
2022-10-28,21.14,21.56,20.21,20.75,2742800.0,173025003.0
2022-10-31,20.5,21.94,20.29,21.87,1336500.0,86873226.0
2022-11-01,21.76,23.38,21.46,23.16,1619400.0,110683729.0
2022-11-02,23.19,24.23,22.91,23.58,1711000.0,121173627.0
2022-11-03,23.61,24.81,23.45,24.49,1649400.0,118795927.0
2022-11-04,24.78,24.79,23.99,24.48,980800.0,71119929.0
2022-11-07,24.48,24.61,23.92,24.31,1018900.0,73666428.0
2022-11-08,24.24,24.72,23.6,23.85,1002500.0,49247404.0
2022-11-09,24.0,24.07,23.28,23.51,673900.0,32654419.0
2022-11-10,23.48,23.53,22.3,22.39,1490900.0,69920380.0
2022-11-11,22.92,23.4,22.46,22.86,1037100.0,48996951.0
2022-11-14,23.2,23.2,22.51,23.01,809800.0,38377528.0
2022-11-15,22.89,25.43,22.8,25.34,1189900.0,59943911.0
2022-11-16,25.81,26.25,25.25,25.34,1009100.0,53404326.0
2022-11-17,25.07,25.81,24.47,25.58,1082100.0,56109778.0
2022-11-18,25.34,25.99,25.11,25.21,822500.0,43101699.0
2022-11-21,24.78,25.81,24.57,25.79,605300.0,31345733.0
2022-11-22,25.37,26.51,25.29,25.44,838400.0,44469622.0
2022-11-23,25.5,25.67,24.41,25.04,547000.0,28136659.0
2022-11-24,25.12,25.34,24.59,24.81,475700.0,24281479.0
2022-11-25,24.68,24.82,24.31,24.48,350600.0,17671054.0
2022-11-28,24.72,24.72,23.85,24.21,268100.0,13353160.0
2022-11-29,24.53,25.08,24.05,24.89,515800.0,26100575.0
2022-11-30,24.97,24.98,24.5,24.54,217600.0,11046770.0
2022-12-01,25.02,25.8,24.78,25.63,799100.0,41709035.0
2022-12-02,25.76,26.63,25.53,26.63,588600.0,31469573.0
2022-12-05,26.89,27.39,25.97,26.89,582100.0,31621315.0
2022-12-06,26.94,27.86,26.68,27.71,530700.0,29821891.0
2022-12-07,27.72,27.72,26.77,26.78,383100.0,21312554.0
2022-12-08,27.07,27.07,26.14,26.51,303500.0,16483733.0
2022-12-09,26.75,27.23,26.34,26.79,404900.0,22264002.0
2022-12-12,26.79,27.2,26.43,26.97,215500.0,11855129.0
2022-12-13,27.11,27.69,25.88,25.97,267000.0,14318447.0
2022-12-14,26.23,26.4,25.94,26.08,143200.0,7661352.0
2022-12-15,26.32,26.52,25.87,26.32,195900.0,10505908.0
2022-12-16,26.53,26.77,25.86,26.27,164800.0,8816540.0
2022-12-19,25.97,26.39,24.91,25.21,412300.0,21592145.0
2022-12-20,25.26,25.26,24.14,24.29,443700.0,22351119.0
2022-12-21,24.29,24.76,23.85,24.67,319500.0,15990459.0
2022-12-22,24.36,24.67,23.79,24.12,827800.0,41229547.0
2022-12-23,23.87,24.59,23.07,24.57,824000.0,40213725.0
2022-12-26,24.41,25.28,24.3,24.81,389200.0,19854565.0
2022-12-27,24.42,24.46,23.98,24.2,267500.0,13347282.0
2022-12-28,24.2,24.27,23.64,24.16,235800.0,11634036.0
2022-12-29,24.36,24.36,23.91,24.19,142400.0,7076564.0
2022-12-30,24.19,24.19,23.39,23.63,314100.0,15291931.0
2023-01-03,23.38,24.46,23.28,24.21,611400.0,30131634.0
2023-01-04,23.95,25.21,23.92,25.12,877100.0,44408055.0
2023-01-05,25.23,25.6,24.84,25.43,383800.0,19947491.0
2023-01-06,25.7,26.68,25.21,26.42,562500.0,30137629.0
2023-01-09,26.42,26.44,25.86,26.07,616000.0,32875035.0
2023-01-10,26.11,26.24,25.34,25.5,627600.0,33058741.0
2023-01-11,25.63,25.63,24.93,24.93,747700.0,38791462.0
2023-01-12,24.85,25.34,24.85,24.95,283800.0,14618307.0
2023-01-13,25.21,25.21,24.58,24.6,198700.0,10073654.0
2023-01-16,24.81,25.6,24.69,25.42,328500.0,16987187.0
2023-01-17,25.42,26.78,25.42,26.65,479100.0,25822409.0
2023-01-18,26.4,26.73,26.22,26.63,278900.0,15114609.0
2023-01-19,26.49,27.92,26.48,27.64,546500.0,30558047.0
2023-01-20,27.77,27.87,27.15,27.26,292900.0,16348510.0
2023-01-30,27.8,28.28,26.99,28.03,668900.0,38004063.0
2023-01-31,27.72,28.02,27.3,27.66,548500.0,30872044.0
2023-02-01,27.66,28.85,27.66,28.57,1005800.0,58414976.0
2023-02-02,28.57,29.21,27.96,28.16,432100.0,24936956.0
2023-02-03,28.23,29.52,28.06,29.23,1156000.0,68072824.0
2023-02-06,29.45,29.45,28.08,28.39,826100.0,47933883.0
2023-02-07,28.39,28.5,27.92,28.21,444800.0,25539842.0
2023-02-08,28.13,28.31,27.77,27.86,298000.0,16999978.0
2023-02-09,27.87,29.32,27.7,29.05,487700.0,28727184.0
2023-02-10,28.82,29.78,28.44,29.65,761800.0,45227791.0
2023-02-13,29.72,31.21,29.64,30.19,714100.0,44209760.0
2023-02-14,30.45,30.76,29.76,30.51,273400.0,16901347.0
2023-02-15,30.76,31.18,30.26,30.46,271400.0,16864197.0
2023-02-16,30.68,31.07,29.47,29.88,711300.0,43557616.0
2023-02-17,29.66,30.1,29.01,29.13,403200.0,24146042.0
2023-02-20,29.12,30.06,28.68,29.94,383400.0,22897662.0
2023-02-21,29.88,30.32,29.62,30.11,254200.0,15532560.0
2023-02-22,29.75,30.27,29.5,29.78,206800.0,12570679.0
2023-02-23,29.53,29.94,28.59,29.01,611100.0,36107526.0
2023-02-24,29.21,29.56,28.72,28.91,512600.0,30317459.0
2023-02-27,28.85,28.95,27.93,28.07,485600.0,27970069.0
2023-02-28,28.18,29.57,28.08,28.84,780500.0,45943918.0
2023-03-01,28.66,29.35,28.36,28.55,824500.0,48336501.0
2023-03-02,28.54,30.61,28.42,29.68,1424800.0,86270032.0
2023-03-03,29.74,30.25,29.35,29.5,717700.0,43483704.0
2023-03-06,29.61,30.04,28.44,29.73,931800.0,55349067.0
2023-03-07,29.48,30.04,28.74,28.93,437000.0,26072286.0
2023-03-08,29.01,29.46,28.59,28.75,518200.0,30537341.0
2023-03-09,28.58,30.02,28.58,29.4,666100.0,39906067.0
2023-03-10,29.19,29.93,28.98,29.36,439600.0,26434026.0
2023-03-13,29.21,29.45,27.92,28.29,899400.0,52052299.0
2023-03-14,28.2,28.29,27.47,27.96,510000.0,29005479.0
2023-03-15,28.02,28.78,27.78,28.03,498800.0,28646750.0
2023-03-16,27.92,28.1,27.02,27.15,335000.0,18844807.0
2023-03-17,27.16,28.01,26.92,27.37,942300.0,52707932.0
2023-03-20,27.61,28.86,27.2,28.17,817100.0,47086948.0
2023-03-21,28.43,33.69,28.13,33.18,2329600.0,151015099.0
2023-03-22,33.21,34.1,32.36,33.43,1474100.0,98847626.0
2023-03-23,32.58,33.34,31.72,33.09,1451600.0,95389798.0
2023-03-24,32.85,33.5,32.36,33.0,615500.0,40802784.0
2023-03-27,33.0,33.28,31.73,31.93,1051500.0,68727986.0
2023-03-28,31.85,32.16,31.28,31.54,696200.0,44745641.0
2023-03-29,31.85,32.66,31.54,31.89,742600.0,48262389.0
2023-03-30,32.19,33.47,31.77,32.8,1008900.0,66898052.0
2023-03-31,32.74,33.86,32.74,33.63,900000.0,60539045.0
2023-04-03,34.14,34.37,33.19,34.05,1032500.0,70488444.0
2023-04-04,34.37,36.39,33.86,36.17,1829300.0,132030533.0
2023-04-06,36.65,43.71,36.65,43.71,2377200.0,195836786.0
2023-04-07,45.36,48.57,42.65,43.59,4308800.0,385884696.0
2023-04-10,42.54,44.44,40.16,40.81,2826600.0,237643347.0
2023-04-11,40.67,42.17,39.84,40.09,1869100.0,153374571.0
2023-04-12,39.94,41.04,39.08,40.25,1537400.0,123459251.0
2023-04-13,40.36,40.5,38.8,39.03,1686300.0,133316825.0
2023-04-14,39.03,40.03,37.97,39.64,1889700.0,148828941.0
2023-04-17,40.25,40.25,37.58,38.76,1751100.0,136874920.0
2023-04-18,38.64,38.75,37.85,38.09,1009600.0,77667896.0
2023-04-19,38.09,39.23,37.77,38.38,1204400.0,93553332.0
2023-04-20,38.08,41.35,37.79,41.24,2791800.0,223832155.0
2023-04-21,40.8,41.35,37.99,38.19,1908600.0,151565242.0
2023-04-24,38.92,38.92,36.39,37.38,1400300.0,104849580.0
2023-04-25,37.47,37.72,36.16,37.22,1356400.0,100562795.0
2023-04-26,37.25,37.25,35.6,35.92,1325400.0,96889210.0
2023-04-27,35.92,36.9,34.7,35.23,1077600.0,77472332.0
2023-04-28,34.66,36.13,34.64,34.95,874800.0,62293211.0
2023-05-04,34.12,34.93,32.98,33.19,1914100.0,129845555.0
2023-05-05,33.24,33.44,32.93,33.03,506000.0,33975162.0
2023-05-08,33.42,33.42,32.62,32.83,600700.0,40064678.0
2023-05-09,32.87,33.38,31.96,32.03,632200.0,41764268.0
2023-05-10,32.04,32.15,31.43,31.54,540800.0,34687833.0
2023-05-11,31.74,31.87,31.07,31.28,350800.0,22303781.0
2023-05-12,31.33,31.62,30.75,30.81,263500.0,16593538.0
2023-05-15,30.56,30.98,29.99,30.75,524200.0,32473020.0
2023-05-16,31.01,31.02,30.41,30.56,480600.0,29948077.0
2023-05-17,30.71,31.15,30.23,31.03,974200.0,60863952.0
2023-05-18,30.76,32.02,30.76,31.32,1177800.0,74794928.0
2023-05-19,31.45,32.32,31.03,32.05,1193200.0,76951829.0
2023-05-22,32.2,32.76,31.02,31.31,845200.0,54056671.0
2023-05-23,31.18,31.74,30.68,31.2,724300.0,45979971.0
2023-05-24,31.02,31.89,30.56,31.56,582400.0,36940513.0
2023-05-25,31.84,32.56,31.03,31.53,613300.0,39348118.0
2023-05-26,31.44,32.5,31.1,31.84,991900.0,64260750.0
2023-05-29,32.36,32.94,31.67,32.14,860300.0,56451003.0
2023-05-30,32.21,32.66,30.77,31.78,846800.0,54183614.0
2023-05-31,31.77,32.85,30.56,32.77,1432800.0,92211152.0
2023-06-01,34.58,36.63,34.43,34.95,3083700.0,219428520.0
2023-06-02,34.22,35.33,33.38,34.63,1733800.0,119900177.0
2023-06-05,34.63,35.45,34.09,34.29,1189100.0,83344661.0
2023-06-06,34.24,34.24,32.85,32.86,847900.0,57512635.0
2023-06-07,32.94,33.75,32.78,33.09,840200.0,56558217.0
2023-06-08,33.09,33.24,31.79,32.57,609800.0,40198857.0
2023-06-09,32.81,32.81,31.3,32.4,1070500.0,69420016.0
2023-06-12,32.65,34.4,32.46,34.12,1086400.0,73898806.0
2023-06-13,34.23,34.91,33.6,34.73,852600.0,59206034.0
2023-06-14,34.85,34.92,33.45,33.61,863500.0,58968506.0
2023-06-15,33.35,34.05,32.27,33.98,1690600.0,75631242.0
2023-06-16,34.46,35.75,33.12,35.58,2408800.0,112538859.0
2023-06-19,36.0,37.58,35.59,37.18,3927900.0,195052325.0
2023-06-20,36.46,37.54,34.58,35.12,2771600.0,133167737.0
2023-06-21,35.12,35.6,33.89,34.62,1811200.0,84681283.0
2023-06-26,34.13,35.18,33.64,34.34,1048300.0,48539334.0
2023-06-27,34.42,35.22,34.13,34.2,656900.0,30522063.0
2023-06-28,34.5,34.5,32.98,33.58,963000.0,43462231.0
2023-06-29,33.6,34.34,33.01,33.18,871500.0,39423835.0
2023-06-30,32.98,34.88,32.81,34.69,1205200.0,55720760.0
2023-07-03,34.44,35.03,32.19,33.36,2244700.0,100982202.0
2023-07-04,33.04,33.95,32.29,33.75,1690400.0,75322318.0
2023-07-05,33.86,34.82,33.15,33.28,1322400.0,60687464.0
2023-07-06,33.28,35.04,32.83,34.84,1423600.0,66068602.0
2023-07-07,34.88,34.88,33.36,33.95,893500.0,41100871.0
2023-07-10,33.86,34.02,32.5,33.78,1198600.0,53581411.0
2023-07-11,33.68,37.5,33.36,36.32,3530500.0,170937358.0
2023-07-12,36.76,39.88,36.43,38.54,6788700.0,347789777.0
2023-07-13,37.32,41.98,36.85,41.1,10438200.0,559766140.0
2023-07-14,42.58,43.73,39.51,39.98,9907600.0,549965752.0
2023-07-17,40.52,42.19,39.52,41.0,5526300.0,301781765.0
2023-07-18,41.04,43.26,36.98,37.01,8078100.0,436981274.0
2023-07-19,36.51,38.28,36.12,37.51,4860800.0,243645202.0
2023-07-20,37.57,38.12,35.19,35.45,4441500.0,216079291.0
2023-07-21,35.72,36.64,34.96,35.98,2709800.0,130531748.0
2023-07-24,35.67,36.97,34.35,34.48,2170000.0,104258463.0
2023-07-25,34.98,36.04,33.75,35.81,2578600.0,122782077.0
2023-07-26,35.6,35.88,33.28,33.6,2807300.0,129266594.0
2023-07-27,33.35,33.72,32.28,33.11,2658000.0,118358682.0
2023-07-28,33.07,33.32,31.72,32.62,2748800.0,120433262.0
2023-07-31,31.82,33.19,31.62,32.67,2143000.0,94230001.0
2023-08-01,32.58,33.0,31.78,31.89,1298400.0,56496804.0
2023-08-02,31.73,32.92,31.42,32.57,1680300.0,73505313.0
2023-08-03,32.38,33.25,31.75,32.86,1532700.0,67386430.0
2023-08-04,32.58,32.88,31.75,32.03,1589900.0,69263399.0
2023-08-07,31.82,32.38,31.82,32.19,748500.0,32421966.0
2023-08-08,32.01,33.12,31.02,32.95,2048700.0,89008636.0
2023-08-09,32.81,32.81,31.95,31.95,597900.0,26063022.0
2023-08-10,31.82,32.19,31.56,31.61,521300.0,22388339.0
2023-08-11,31.81,31.81,31.12,31.27,435800.0,18525755.0
2023-08-14,31.04,31.87,30.69,31.79,720900.0,30513821.0
2023-08-15,31.81,31.88,30.98,31.12,586900.0,24850577.0
2023-08-16,31.08,31.56,30.81,31.13,545400.0,23026550.0
2023-08-17,30.96,31.62,30.73,31.15,339600.0,14345251.0
2023-08-18,31.08,31.95,30.97,31.04,818600.0,34824087.0
2023-08-21,31.04,31.42,30.65,30.66,640300.0,26849943.0
2023-08-22,30.84,31.2,29.79,31.19,979500.0,40511154.0
2023-08-23,30.95,31.02,30.02,30.07,442300.0,18188601.0
2023-08-24,30.27,30.46,29.6,29.96,897400.0,36410454.0
2023-08-25,29.85,30.27,28.75,28.87,1028300.0,40804085.0
2023-08-28,30.38,30.53,28.66,28.82,658300.0,26367021.0
2023-08-29,28.88,30.42,28.73,30.28,848900.0,34326104.0
2023-08-30,30.28,32.19,30.28,31.85,1399100.0,59980812.0
2023-08-31,32.04,32.69,31.58,31.8,819900.0,35564398.0
2023-09-01,31.84,32.4,31.52,32.15,444500.0,19192084.0
2023-09-04,31.82,32.58,31.42,32.44,754400.0,32802731.0
2023-09-05,32.44,33.11,32.21,32.33,530300.0,23409490.0
2023-09-06,32.26,33.96,32.04,33.72,1336700.0,60204753.0
2023-09-07,33.7,34.12,32.62,32.62,809300.0,36077035.0
2023-09-08,32.58,33.47,32.52,32.99,753800.0,33654444.0
2023-09-11,32.96,33.94,32.66,32.93,690000.0,30858351.0
2023-09-12,33.12,33.42,32.58,33.23,695200.0,30993338.0
2023-09-13,33.23,33.73,32.28,32.55,673800.0,29788479.0
2023-09-14,32.57,32.65,31.92,32.5,601100.0,26229553.0
2023-09-15,32.42,33.46,32.13,32.58,492800.0,21751045.0
2023-09-18,32.23,32.95,32.05,32.11,394200.0,17189864.0
2023-09-19,32.12,32.15,31.42,31.7,460400.0,19734163.0
2023-09-20,31.43,31.8,31.05,31.07,443100.0,18747943.0
2023-09-21,31.03,31.38,30.83,30.85,256300.0,10779549.0
2023-09-22,31.03,31.83,30.32,31.79,383400.0,16291332.0
2023-09-25,32.17,32.19,31.15,31.55,361400.0,15375037.0
2023-09-26,31.35,31.5,31.0,31.05,248800.0,10494207.0
2023-09-27,31.05,31.46,30.86,31.12,282200.0,11896421.0
2023-09-28,31.34,31.95,31.11,31.79,567500.0,24217440.0
2023-10-09,31.96,32.04,31.45,31.63,392800.0,16815217.0
2023-10-10,31.8,32.14,31.52,31.73,336100.0,14444090.0
2023-10-11,31.63,32.86,31.46,32.18,535800.0,23281496.0
2023-10-12,32.22,32.33,31.5,31.85,452600.0,19480544.0
2023-10-13,31.85,32.72,31.62,32.56,581600.0,25377907.0
2023-10-16,32.58,32.95,31.9,32.16,784600.0,34112754.0
2023-10-17,31.9,32.65,31.9,32.5,406100.0,17759002.0
2023-10-18,32.42,32.58,32.12,32.28,313000.0,13686879.0
2023-10-19,32.19,32.87,32.14,32.16,613400.0,26919450.0
2023-10-20,32.2,32.31,29.99,30.77,1281800.0,53614153.0
2023-10-23,30.75,30.75,29.35,29.99,623500.0,25180607.0
2023-10-24,30.16,30.95,29.72,30.65,410300.0,16912027.0
2023-10-25,30.65,31.45,30.38,31.19,422400.0,17696314.0
2023-10-26,31.77,33.65,31.73,33.56,1585300.0,70410815.0
2023-10-27,33.2,34.82,32.74,34.33,1496400.0,68395084.0
2023-10-30,34.29,35.26,34.12,34.85,656300.0,30813309.0
2023-10-31,34.85,35.5,34.05,34.22,600700.0,27930719.0
2023-11-01,34.12,34.58,33.96,34.12,412700.0,19050225.0
2023-11-02,34.05,34.32,33.02,33.16,751800.0,33898031.0
2023-11-03,33.34,34.01,32.96,33.81,740900.0,33448896.0
2023-11-06,34.02,34.54,33.43,33.82,935100.0,42918941.0
2023-11-07,33.9,34.96,33.9,34.57,1215300.0,56558503.0
2023-11-08,34.57,35.53,33.98,35.03,1128900.0,53215744.0
2023-11-09,35.05,36.58,34.9,36.35,1709300.0,83499566.0
2023-11-10,36.05,36.99,35.18,35.18,949400.0,45765839.0
2023-11-13,35.42,36.12,35.42,35.58,536000.0,25744424.0
2023-11-14,37.96,40.95,37.19,38.26,3318400.0,170968896.0
2023-11-15,40.61,46.17,40.6,43.34,8793700.0,511303048.0
2023-11-16,42.95,44.68,40.5,40.5,6801300.0,386840429.0
2023-11-17,41.54,48.85,41.54,48.85,10596300.0,641924567.0
2023-11-20,50.27,50.27,46.31,47.87,11439300.0,728245872.0
2023-11-21,47.39,47.86,43.42,44.22,9184700.0,559784993.0
2023-11-22,44.62,45.25,43.49,43.5,6520400.0,387512665.0
2023-11-23,43.58,44.42,42.12,43.62,5119100.0,297142098.0
2023-11-24,43.73,44.11,40.73,40.78,5851300.0,327076919.0
2023-11-27,40.65,41.87,40.35,41.42,3333000.0,183725451.0
2023-11-28,41.49,43.22,41.28,42.59,4026800.0,228728081.0
2023-11-29,42.57,42.96,41.92,42.38,2102000.0,119077820.0
2023-11-30,42.28,42.28,41.1,41.78,2216000.0,123189186.0
2023-12-01,41.67,42.96,41.29,42.78,2482600.0,140853149.0
2023-12-04,42.96,43.96,42.35,42.69,3592600.0,207908279.0
2023-12-05,42.36,42.82,41.22,41.22,2210200.0,123476547.0
2023-12-06,41.04,41.93,40.65,40.91,1866600.0,102894125.0
2023-12-07,40.91,41.41,40.35,40.72,1679700.0,92153837.0
2023-12-08,41.04,42.89,40.92,42.35,2710000.0,152801820.0
2023-12-11,41.67,41.95,40.69,41.5,2191300.0,121185540.0
2023-12-12,41.55,42.15,40.82,40.93,1631600.0,90529169.0
2023-12-13,40.9,41.15,40.5,40.96,1290800.0,70793040.0
2023-12-14,41.26,42.02,40.35,40.36,1746400.0,95991779.0
2023-12-15,40.36,40.75,39.65,39.87,1795600.0,96462778.0
2023-12-18,39.51,39.7,38.66,38.85,1899200.0,99709339.0
2023-12-19,38.72,39.49,38.66,38.98,1323200.0,69219755.0
2023-12-20,38.98,39.23,38.43,38.52,974700.0,50703359.0
2023-12-21,38.38,39.59,37.79,39.09,1717300.0,89630613.0
2023-12-22,39.15,39.65,37.89,38.1,1758500.0,91099935.0
2023-12-25,37.62,38.18,37.28,37.58,1427100.0,72209491.0
2023-12-26,37.52,37.89,36.88,37.15,990600.0,49687410.0
2023-12-27,37.39,38.47,36.91,38.13,1204900.0,61362754.0
2023-12-28,38.71,39.45,37.78,38.57,1744100.0,90592280.0
2023-12-29,38.24,39.69,38.24,39.46,1766600.0,92902818.0
2024-01-02,39.277,39.369,37.885,38.339,1368351.0,70448663.0
2024-01-03,38.115,38.215,37.0,37.115,1824681.0,91779082.0
2024-01-04,37.169,37.339,36.692,36.692,1038514.0,51715757.0
2024-01-05,36.577,37.462,35.931,36.054,1392362.0,68684773.0
2024-01-08,36.077,36.323,35.5,35.708,897188.0,43235374.0
2024-01-09,35.577,36.154,34.577,34.769,1866363.0,88446837.0
2024-01-10,34.5,35.0,34.169,34.477,870845.0,40597081.0
2024-01-11,34.308,35.577,34.308,35.369,1417240.0,67003298.0
2024-01-12,35.177,35.331,34.323,34.331,1133399.0,52950990.0
2024-01-15,34.385,34.692,34.039,34.346,1020185.0,47191735.0
2024-01-16,34.215,34.346,33.154,33.515,2219268.0,100332773.0
2024-01-17,33.477,33.615,32.423,32.423,893068.0,39700403.0
2024-01-18,32.1,32.892,31.531,32.485,1630652.0,70601583.0
2024-01-19,32.923,34.1,32.5,32.577,1667162.0,74475008.0
2024-01-22,32.646,33.492,30.7,30.854,1984630.0,86386958.0
2024-01-23,31.108,31.108,30.192,30.554,1546304.0,64181299.0
2024-01-24,30.846,31.115,29.192,30.269,1439589.0,58476381.0
2024-01-25,30.246,31.554,29.792,31.462,1235537.0,51771536.0
2024-01-26,31.392,31.646,30.254,30.339,1251978.0,52270238.0
2024-01-29,30.508,30.846,29.1,29.139,995588.0,40072266.0
2024-01-30,28.862,29.285,27.654,27.692,1335961.0,51510524.0
2024-01-31,27.5,28.231,26.115,26.115,1355702.0,49628381.0
2024-02-01,26.039,26.939,25.146,26.285,1532228.0,54741151.0
2024-02-02,26.192,26.5,23.846,24.839,1557890.0,53516051.0
2024-02-05,24.246,24.5,21.654,22.277,2668732.0,83361106.0
2024-02-06,21.885,24.654,20.946,24.654,3408761.0,107149402.0
2024-02-07,24.646,28.346,24.231,25.469,3803730.0,136764845.0
2024-02-08,25.308,28.639,24.508,28.015,4145139.0,149410917.0
2024-02-19,28.846,30.254,28.554,29.846,3923277.0,156913942.0
2024-02-20,29.477,30.5,28.769,30.269,2872849.0,114658962.0
2024-02-21,29.669,29.839,28.923,28.946,2765157.0,110087169.0
2024-02-22,29.192,30.7,29.185,30.185,2807319.0,114085576.0
2024-02-23,30.115,31.254,29.992,30.5,2930148.0,121261444.0
2024-02-26,31.731,32.946,30.885,32.077,3716156.0,160268752.0
2024-02-27,32.115,33.715,31.815,33.346,3534784.0,156656487.0
2024-02-28,32.846,34.039,30.731,30.754,3683266.0,160689908.0
2024-02-29,30.885,32.723,30.669,32.615,2982037.0,128782061.0
2024-03-01,32.869,34.215,32.577,33.854,2788005.0,125662471.0
2024-03-04,34.792,37.339,34.246,36.362,4784145.0,231272574.0
2024-03-05,36.139,38.177,34.123,34.462,5302230.0,258320715.0
2024-03-06,34.469,34.869,33.023,34.054,3525976.0,160852340.0
2024-03-07,34.562,35.808,33.108,33.846,3453991.0,160579014.0
2024-03-08,34.169,37.192,34.115,37.192,5642967.0,273468043.0
2024-03-11,36.054,36.446,35.077,36.339,5130387.0,246310741.0
2024-03-12,35.808,37.331,34.654,35.415,4068492.0,195714823.0
2024-03-13,36.039,36.762,35.346,35.839,3972481.0,192338308.0
2024-03-14,35.269,35.269,33.923,34.539,3247835.0,151182931.0
2024-03-15,34.123,34.846,33.5,34.646,2478721.0,114204896.0
2024-03-18,34.592,35.792,34.508,35.723,3243851.0,153970111.0
2024-03-19,35.646,36.008,34.931,35.077,2781782.0,132519325.0
2024-03-20,35.115,37.031,34.585,35.523,5170872.0,248246040.0
2024-03-21,37.177,37.869,35.139,35.169,6763517.0,330693060.0
2024-03-22,35.177,36.4,33.462,33.515,6422047.0,301369832.0
2024-03-25,33.139,33.854,31.908,32.139,4486933.0,199221005.0
2024-03-26,32.354,33.246,31.277,31.762,3256064.0,141357749.0
2024-03-27,31.554,31.839,29.585,29.731,3391840.0,140071313.0
2024-03-28,29.562,31.492,29.546,30.862,3405286.0,140818933.0
2024-03-29,30.885,32.423,29.931,31.946,3139748.0,132900660.0
2024-04-01,31.869,32.808,31.562,32.115,2517973.0,109119480.0
2024-04-02,32.069,32.415,30.908,31.323,2196777.0,93446063.0
2024-04-03,31.269,31.792,30.039,30.654,2137291.0,89273049.0
2024-04-08,30.477,30.477,29.577,29.615,2178849.0,88175022.0
2024-04-09,29.585,30.308,29.285,30.269,1503563.0,60823535.0
2024-04-10,30.269,30.269,28.862,29.039,1618456.0,64383004.0
2024-04-11,29.039,32.023,29.039,30.9,4932988.0,208150997.0
2024-04-12,31.031,31.685,30.569,31.254,2595487.0,109325200.0
2024-04-15,31.162,31.715,29.308,29.754,3148012.0,130187820.0
2024-04-16,29.415,29.8,27.354,27.569,2922788.0,112253239.0
2024-04-17,27.923,30.723,27.923,30.692,3097853.0,124429264.0
2024-04-18,30.569,32.308,29.846,31.254,3155214.0,133553361.0
2024-04-19,31.115,31.254,29.977,30.723,1931027.0,79928865.0
2024-04-22,30.269,30.7,28.9,30.569,1906019.0,77464222.0
2024-04-23,30.8,31.423,30.615,31.039,1434678.0,60272578.0
2024-04-24,31.039,32.162,30.854,32.039,2249961.0,96584788.0
2024-04-25,32.554,34.5,32.554,33.462,4415058.0,200369535.0
2024-04-26,34.654,36.269,33.854,35.731,5003593.0,235823347.0
2024-04-29,35.685,36.808,35.569,35.792,3363077.0,162955548.0
2024-04-30,35.792,36.346,35.039,35.562,2046315.0,98070052.0
2024-05-06,36.031,36.808,35.008,36.423,2403724.0,116797574.0
2024-05-07,36.131,37.577,36.1,36.423,3000360.0,148701377.0
2024-05-08,36.515,36.992,35.739,35.931,1905721.0,93101637.0
2024-05-09,36.023,36.415,35.415,36.023,1694045.0,81653962.0
2024-05-10,36.039,36.1,33.769,33.839,3014872.0,139812530.0
2024-05-13,33.539,35.462,33.208,34.615,2616808.0,122001080.0
2024-05-14,34.323,35.192,33.662,33.854,1444310.0,66790990.0
2024-05-15,33.862,35.8,33.5,34.492,2282275.0,107497584.0
2024-05-16,34.869,36.792,34.839,36.546,3228592.0,156439359.0
2024-05-17,36.123,36.915,35.715,36.8,2798216.0,136708173.0
2024-05-20,36.792,36.792,35.577,36.423,3561647.0,172841951.0
2024-05-21,36.423,36.931,35.654,35.762,1923087.0,93646230.0
2024-05-22,35.885,36.008,34.623,35.839,2286920.0,108722346.0
2024-05-23,35.615,39.031,35.262,36.908,5013109.0,250220511.0
2024-05-24,36.654,36.754,34.469,34.923,4329886.0,205420745.0
2024-05-27,35.246,37.262,33.923,36.885,3846378.0,184566374.0
2024-05-28,37.254,38.669,36.492,37.269,4865643.0,246269260.0
2024-05-29,37.0,37.323,36.139,36.492,2006389.0,99091623.0
2024-05-30,36.077,38.023,35.962,37.3,2787023.0,139952253.0
2024-05-31,37.231,37.8,36.846,36.939,1742512.0,87111525.0
2024-06-03,36.885,38.423,36.539,36.946,3052808.0,153517661.0
2024-06-04,36.8,37.292,36.362,36.731,1747829.0,86237622.0
2024-06-05,36.577,37.385,36.423,36.977,1832390.0,91054253.0
2024-06-06,37.485,39.231,36.885,37.031,3678764.0,186902993.0
2024-06-07,37.031,39.262,35.715,36.339,4706892.0,231955161.0
2024-06-11,36.039,38.385,35.692,38.346,3884537.0,191787611.0
2024-06-12,37.962,41.254,37.777,40.177,5320711.0,279197328.0
2024-06-13,40.954,41.139,39.792,39.885,4075859.0,218048162.0
2024-06-14,39.662,40.346,39.269,39.962,2428961.0,128477143.0
2024-06-17,39.885,42.031,39.577,41.677,3817663.0,207785032.0
2024-06-18,41.777,41.962,40.154,40.846,3266606.0,177428020.0
2024-06-19,41.392,41.539,39.539,40.077,2726452.0,146048590.0
2024-06-20,39.892,41.962,39.885,40.5,3473396.0,188440221.0
2024-06-21,39.892,41.039,38.923,40.446,2100148.0,111700211.0
2024-06-24,39.962,40.577,37.577,38.023,3982260.0,206379328.0
2024-06-25,37.808,37.923,35.885,36.039,4278470.0,208255110.0
2024-06-26,36.185,36.877,35.654,36.685,2895281.0,140058407.0
2024-06-27,36.639,37.154,35.654,35.692,2871566.0,139019007.0
2024-06-28,35.623,37.085,35.423,36.115,2324268.0,112581569.0
2024-07-01,36.139,37.715,35.508,37.269,2445136.0,119134556.0
2024-07-02,37.077,37.423,36.462,37.254,2191710.0,107670734.0
2024-07-03,37.1,38.892,36.046,37.669,3367851.0,167704668.0
2024-07-04,37.508,37.954,35.954,36.039,2699435.0,132869894.0
2024-07-05,36.039,36.208,34.754,35.385,2829044.0,133104249.0
2024-07-08,35.262,36.5,34.892,35.385,2542577.0,121496130.0
2024-07-09,35.408,38.715,35.262,38.415,3972625.0,198460936.0
2024-07-10,38.154,39.5,38.1,39.1,2601316.0,134521553.0
2024-07-11,39.592,39.731,38.469,39.308,3150046.0,163755363.0
2024-07-12,38.739,38.939,37.615,38.631,2577871.0,131092985.0
2024-07-15,38.369,41.015,38.369,40.4,4509771.0,241840480.0
2024-07-16,40.423,40.869,39.154,40.354,2743905.0,145532727.0
2024-07-17,40.131,40.877,39.192,39.239,1906979.0,101191700.0
2024-07-18,38.769,39.308,37.154,39.254,2546124.0,129602522.0
2024-07-19,38.769,40.869,38.769,39.531,2641980.0,140655050.0
2024-07-22,39.423,40.039,39.023,39.654,1686760.0,88631827.0
2024-07-23,39.508,39.708,37.162,37.162,2244363.0,113455444.0
2024-07-24,37.231,37.569,36.446,36.462,1507036.0,74102312.0
2024-07-25,36.054,36.069,34.892,35.077,2017404.0,95139573.0
2024-07-26,35.262,35.954,34.5,35.608,1363587.0,63996103.0
2024-07-29,35.577,35.854,34.131,34.254,1677482.0,77446361.0
2024-07-30,34.154,34.8,33.423,34.169,1441469.0,65638734.0
2024-07-31,34.092,36.023,33.808,35.908,1814202.0,85257322.0
2024-08-01,37.392,38.215,36.331,36.9,2697887.0,133737456.0
2024-08-02,36.231,36.492,35.385,35.385,2441560.0,116902026.0
2024-08-05,34.654,35.377,33.731,33.731,2369601.0,108337933.0
2024-08-06,34.323,34.692,32.977,33.592,1528966.0,68602444.0
2024-08-07,33.639,33.831,32.846,32.939,1518907.0,67453007.0
2024-08-08,32.585,33.031,31.9,32.223,1963057.0,84837387.0
2024-08-09,32.962,33.454,32.554,32.908,1709440.0,75428480.0
2024-08-12,32.592,33.385,32.2,32.539,1018004.0,44431020.0
2024-08-13,32.577,33.031,32.346,32.962,815715.0,35700228.0
2024-08-14,33.039,33.5,32.0,32.162,1539849.0,66803952.0
2024-08-15,32.085,32.7,31.923,32.354,750725.0,32428774.0
2024-08-16,32.5,33.377,32.4,32.654,1329302.0,58360768.0
2024-08-19,32.654,32.762,31.323,31.539,1703666.0,72825955.0
2024-08-20,31.7,31.769,30.677,30.885,1212195.0,50344317.0
2024-08-21,30.885,31.331,30.231,30.408,1760282.0,72165857.0
2024-08-22,30.408,30.462,29.523,29.623,1808231.0,72465416.0
2024-08-23,29.885,31.154,29.746,30.5,3555739.0,145465790.0
2024-08-26,30.577,32.192,30.269,32.077,2492144.0,104637708.0
2024-08-27,31.739,32.685,31.654,31.792,1126602.0,48179816.0
2024-08-28,31.654,32.562,31.515,32.331,1205270.0,51738760.0
2024-08-29,32.231,33.339,31.715,32.962,1671492.0,73095349.0
2024-08-30,32.954,34.085,32.615,33.592,1704775.0,76593279.0
2024-09-02,33.562,33.915,31.823,31.854,1531857.0,66366501.0
2024-09-03,31.954,32.385,31.439,31.739,1353133.0,57536806.0
2024-09-04,31.423,31.808,30.592,31.392,1254123.0,52390647.0
2024-09-05,31.392,31.669,30.692,30.915,1395334.0,58073605.0
2024-09-06,30.908,30.908,29.777,29.962,1897805.0,76408425.0
2024-09-09,29.862,30.162,29.1,29.292,1638544.0,64518616.0
2024-09-10,29.369,30.139,28.631,29.7,2449921.0,96182874.0
2024-09-11,29.423,29.862,29.369,29.785,1592613.0,63166933.0
2024-09-12,30.077,30.639,29.277,29.608,1885675.0,75260247.0
2024-09-13,29.515,30.4,29.331,29.631,1344668.0,53734535.0
2024-09-18,29.6,30.069,29.269,29.9,982626.0,39013013.0
2024-09-19,29.908,30.0,28.654,28.908,2094889.0,81572272.0
2024-09-20,29.031,29.308,28.277,28.615,1498048.0,57518489.0
2024-09-23,28.362,29.0,28.254,28.415,1381744.0,52841342.0
2024-09-24,28.415,30.331,28.092,29.792,3423586.0,134619778.0
2024-09-25,30.131,30.623,29.515,29.585,2579499.0,103868512.0
2024-09-26,29.923,31.715,29.777,31.662,2336223.0,95580350.0
2024-09-27,31.792,33.646,31.577,33.4,1343928.0,58360734.0
2024-09-30,34.423,39.062,34.423,38.577,4581349.0,225048473.0
2024-10-08,46.039,46.039,39.885,43.862,6461626.0,368255716.0
2024-10-09,42.192,43.239,38.792,39.139,5467970.0,299173031.0
2024-10-10,39.969,41.246,38.2,38.269,4608437.0,243709546.0
2024-10-11,39.039,39.039,35.977,37.123,3774837.0,186302130.0
2024-10-14,37.062,38.931,36.223,38.831,2737255.0,137021245.0
2024-10-15,39.108,39.723,37.646,37.646,2498185.0,128350051.0
2024-10-16,37.231,37.692,36.4,36.823,2537577.0,124841567.0
2024-10-17,37.185,37.769,36.615,36.731,2000594.0,98771452.0
2024-10-18,36.469,41.423,36.469,40.223,5497045.0,288932358.0
2024-10-21,40.931,42.192,39.577,40.862,5278943.0,286258267.0
2024-10-22,40.885,41.4,38.923,39.408,4513633.0,238367037.0
2024-10-23,39.023,39.8,38.408,38.5,2560726.0,132587982.0
2024-10-24,38.5,39.069,37.946,38.569,1838286.0,93982848.0
2024-10-25,38.569,39.646,38.085,39.039,2042994.0,105499562.0
2024-10-28,38.862,40.015,38.346,39.539,2310483.0,120915621.0
2024-10-29,39.731,40.654,39.008,39.354,2872958.0,151899193.0
2024-10-30,39.5,40.192,38.731,39.477,2077665.0,108881659.0
2024-10-31,39.477,39.8,38.269,38.9,3724756.0,192579026.0
2024-11-01,38.723,38.792,36.846,37.354,3720463.0,186348719.0
2024-11-04,37.354,38.615,37.315,38.223,1815761.0,92085415.0
2024-11-05,38.331,40.223,37.592,39.885,2895313.0,151742171.0
2024-11-06,40.023,42.023,39.308,40.769,4314184.0,233520251.0
2024-11-07,41.031,41.562,40.077,41.069,2507075.0,135897764.0
2024-11-08,41.862,44.423,41.862,43.346,4584620.0,263147981.0
2024-11-11,44.492,47.269,44.3,47.085,5155470.0,312610266.0
2024-11-12,47.023,47.023,43.639,43.923,5273953.0,311731491.0
2024-11-13,43.9,43.9,42.331,43.169,2983267.0,170453937.0
2024-11-14,43.2,43.331,40.654,40.815,3061362.0,169721482.0
2024-11-15,40.792,41.039,38.485,38.739,3638141.0,192601008.0
2024-11-18,38.969,39.639,38.008,38.654,2829838.0,146033668.0
2024-11-19,38.923,40.292,38.669,40.1,2306358.0,120946698.0
2024-11-20,40.5,40.877,39.392,39.977,2845165.0,151306954.0
2024-11-21,40.115,41.039,39.508,40.108,1874694.0,100177657.0
2024-11-22,39.969,42.1,39.1,39.1,3017703.0,163490380.0
2024-11-25,40.277,42.3,39.969,41.339,4035938.0,221173215.0
2024-11-26,41.354,41.354,39.539,39.762,2438847.0,130514721.0
2024-11-27,39.692,40.654,38.508,40.654,2323977.0,122720841.0
2024-11-28,41.577,45.139,41.5,43.192,7831242.0,450838356.0
2024-11-29,43.508,45.362,42.331,43.839,6117400.0,355222517.0
2024-12-02,45.092,47.269,44.577,45.5,8110237.0,493632272.0
2024-12-03,46.539,49.339,46.5,46.715,9383053.0,592093239.0
2024-12-04,46.546,50.577,46.231,47.362,8171456.0,524567077.0
2024-12-05,46.585,47.362,44.815,45.146,6539780.0,397239168.0
2024-12-06,45.023,45.146,43.7,44.5,3922352.0,230469703.0
2024-12-09,44.177,45.792,43.885,44.662,4703696.0,278535821.0
2024-12-10,46.039,46.262,44.508,44.723,3866606.0,231802206.0
2024-12-11,44.508,45.169,42.923,45.039,4157324.0,243378399.0
2024-12-12,44.892,45.646,44.539,45.554,2587516.0,154571070.0
2024-12-13,45.077,45.123,43.415,43.7,5136979.0,298821525.0
2024-12-16,44.008,45.269,43.462,44.346,3424868.0,201464394.0
2024-12-17,47.577,50.631,46.508,47.462,10217711.0,651724223.0
2024-12-18,46.192,48.369,44.631,47.885,6395289.0,394271629.0
2024-12-19,46.346,48.246,45.854,48.239,4558541.0,284746993.0
2024-12-20,48.177,54.323,47.662,52.777,8756760.0,602388358.0
2024-12-23,52.962,53.423,48.823,49.377,7642464.0,508585494.0
2024-12-24,49.508,50.392,48.354,49.423,3458658.0,225616824.0
2024-12-25,49.377,51.808,48.469,51.039,4145198.0,277408696.0
2024-12-26,51.039,52.423,50.154,52.246,3566152.0,243200784.0
2024-12-27,51.692,52.785,50.146,50.231,3750000.0,255076308.0
2024-12-30,50.223,53.308,49.769,51.246,3659838.0,250001765.0
2024-12-31,51.115,51.377,48.646,48.654,3112501.0,204240573.0
2025-01-02,48.662,50.031,47.915,48.239,4043894.0,261448367.0
2025-01-03,48.577,48.885,45.462,45.754,3421054.0,213342198.0
2025-01-06,45.885,46.3,44.708,45.923,3226730.0,194876561.0
2025-01-07,45.954,49.231,45.762,49.054,3573124.0,224965806.0
2025-01-08,48.577,49.008,46.808,48.346,3867454.0,245321739.0
2025-01-09,48.346,51.169,48.346,50.185,4103819.0,273115365.0
2025-01-10,49.9,52.115,49.539,50.392,3774368.0,254734784.0
2025-01-13,49.746,51.223,49.154,50.331,2710039.0,179712939.0
2025-01-14,50.615,52.131,49.9,52.062,3276258.0,222757005.0
2025-01-15,51.531,52.185,50.115,50.269,2277608.0,152924788.0
2025-01-16,50.515,51.615,49.3,50.846,3044442.0,203176750.0
2025-01-17,50.885,54.785,49.839,53.254,5267046.0,364914653.0
2025-01-20,53.346,53.346,51.823,52.885,3352974.0,233387210.0
2025-01-21,53.115,54.4,51.885,52.292,4816122.0,335902187.0
2025-01-22,51.869,52.646,50.515,51.0,5106904.0,344258290.0
2025-01-23,51.408,51.969,49.377,49.531,4372831.0,291905708.0
2025-01-24,49.5,50.908,49.308,50.677,2877044.0,192011988.0
2025-01-27,49.677,49.677,47.592,47.592,3188160.0,204634153.0
2025-02-05,47.231,48.139,43.123,44.9,7937953.0,469364805.0
2025-02-06,44.892,46.615,44.546,46.077,4115841.0,250335562.0
2025-02-07,46.192,47.108,45.308,46.031,5039172.0,308527890.0
2025-02-10,46.039,46.8,45.246,46.546,5126429.0,312045400.0
2025-02-11,46.5,46.785,45.654,46.077,2782545.0,170356814.0
2025-02-12,46.077,46.539,45.254,45.885,4023626.0,244004694.0
2025-02-13,45.831,45.831,43.4,43.546,4944865.0,290163323.0
2025-02-14,43.731,43.977,42.577,43.5,3468022.0,199284430.0
2025-02-17,44.115,46.115,44.085,45.808,5447816.0,327105682.0
2025-02-18,45.946,47.954,45.654,45.831,5151226.0,319878691.0
2025-02-19,45.892,47.346,45.892,46.808,3396277.0,210715793.0
2025-02-20,46.769,46.769,45.608,46.031,3367274.0,204924058.0
2025-02-21,46.031,49.646,46.031,49.431,5751667.0,366233298.0
2025-02-24,50.192,50.646,49.123,50.146,4809724.0,317769370.0
2025-02-25,49.115,49.477,47.9,48.439,4331501.0,278809321.0
2025-02-26,48.5,48.539,46.546,47.192,6028283.0,375901337.0
2025-02-27,47.723,48.639,45.577,46.577,4634865.0,288897714.0
2025-02-28,46.039,46.415,44.715,45.092,3780988.0,227340495.0
2025-03-03,44.5,45.992,43.539,45.192,3494627.0,209452365.0
2025-03-04,44.5,45.846,43.585,45.515,3357967.0,198795618.0
2025-03-05,45.7,46.023,45.031,45.308,1972800.0,118591575.0
2025-03-06,45.415,46.415,45.354,45.862,2801837.0,170606002.0
2025-03-07,45.462,45.877,44.5,44.9,2497275.0,149606409.0
2025-03-10,44.992,46.962,44.539,46.669,3200440.0,194670620.0
2025-03-11,45.962,46.692,45.162,46.192,2399769.0,145475731.0
2025-03-12,46.085,46.308,45.308,45.315,2070669.0,125261958.0
2025-03-13,45.269,45.423,43.831,43.985,2217249.0,130431456.0
2025-03-14,43.731,44.954,43.562,44.639,2271904.0,133478027.0
2025-03-17,44.662,46.177,44.077,45.885,2764891.0,165337943.0
2025-03-18,46.039,47.539,45.731,46.069,1767880.0,108701637.0
2025-03-19,46.039,46.654,44.231,44.531,2588422.0,154254213.0
2025-03-20,44.492,44.654,43.608,43.777,2263909.0,132167239.0
2025-03-21,43.769,43.823,41.192,42.277,2656622.0,150037956.0
2025-03-24,42.546,43.346,42.208,43.269,2091560.0,119125809.0
2025-03-25,43.062,43.646,42.808,43.223,1493517.0,85776026.0
2025-03-26,43.539,44.015,42.6,42.615,1977260.0,113487475.0
2025-03-27,42.223,44.008,42.146,43.385,1728998.0,99388143.0
2025-03-28,43.354,43.823,42.623,42.792,1282841.0,73254899.0
2025-03-31,42.639,43.985,42.346,43.623,2095824.0,120191133.0
2025-04-01,43.654,44.308,43.369,43.708,1261994.0,73318085.0
2025-04-02,43.708,44.792,43.685,43.985,1343696.0,78887565.0
2025-04-03,43.423,44.069,42.423,42.439,1402677.0,80025156.0
2025-04-07,38.831,39.877,35.423,35.969,4270743.0,212554341.0
2025-04-08,35.946,38.154,35.885,36.946,3181254.0,156058939.0
2025-04-09,36.139,39.108,35.077,38.677,2881071.0,143593852.0
2025-04-10,39.877,40.839,39.2,39.954,1991230.0,106178449.0
2025-04-11,39.539,42.692,39.269,42.323,3185966.0,175195010.0
2025-04-14,43.0,43.077,41.346,41.554,1787419.0,99304438.0
2025-04-15,41.469,41.939,40.969,41.585,1474763.0,81154450.0
2025-04-16,41.431,42.039,40.154,40.439,1554843.0,84448530.0
2025-04-17,40.285,41.569,40.154,40.6,1312111.0,71512612.0
2025-04-18,40.723,40.992,40.285,40.546,843357.0,45535683.0
2025-04-21,40.654,41.3,40.139,40.885,1205047.0,65476617.0
2025-04-22,40.654,41.531,40.346,40.846,2054969.0,111708158.0
2025-04-23,41.246,42.339,40.846,41.8,1759115.0,97480855.0
2025-04-24,41.8,42.015,40.762,40.862,1216490.0,66734371.0
2025-04-25,40.739,41.477,40.546,41.154,807482.0,44117311.0
2025-04-28,41.023,42.923,40.954,42.415,2122571.0,119096226.0
2025-04-29,41.854,42.085,41.077,41.239,2631174.0,144762246.0
2025-04-30,41.177,41.8,40.785,41.769,1748044.0,95993544.0
2025-05-06,41.954,43.492,41.685,43.331,2287644.0,129626373.0
2025-05-07,43.646,43.923,42.254,42.615,1690271.0,96207547.0
2025-05-08,42.362,42.939,42.115,42.531,1151171.0,64974003.0
2025-05-09,42.539,42.654,41.139,41.223,1584187.0,87414327.0
2025-05-12,41.423,42.139,41.423,41.792,1147331.0,63624065.0
2025-05-13,42.262,42.462,41.269,41.331,1350749.0,74799922.0
2025-05-14,41.415,42.923,41.415,42.092,2152014.0,120952689.0
2025-05-15,42.0,42.031,40.508,40.562,1693382.0,92417793.0
2025-05-16,40.562,40.8,40.346,40.462,877498.0,47301403.0
2025-05-19,40.308,40.8,39.777,40.7,931466.0,49896248.0
2025-05-20,40.692,40.692,38.923,39.469,2311742.0,121419931.0
2025-05-21,39.515,40.031,39.085,39.562,1253837.0,65914811.0
2025-05-22,39.577,39.8,38.615,38.669,1745507.0,90457036.0
2025-05-23,38.962,39.1,38.362,38.369,1089974.0,56099365.0
2025-05-26,38.392,38.869,38.208,38.423,1003395.0,51282359.0
2025-05-27,38.254,38.462,37.615,37.769,1018726.0,51308365.0
2025-05-28,37.769,38.169,37.769,37.892,839206.0,42360464.0
2025-05-29,38.28,39.0,37.75,38.68,1784676.0,69761995.0
2025-05-30,38.48,38.53,37.61,37.66,1564184.0,60144572.0
2025-06-03,37.6,38.75,37.05,38.24,2067177.0,79884665.0
2025-06-04,38.59,41.25,38.35,39.84,5368756.0,217784893.0
2025-06-05,39.52,42.16,39.17,41.85,5578229.0,229583776.0
2025-06-06,41.53,42.35,41.42,41.67,2882474.0,121774835.0
2025-06-09,41.67,42.2,41.16,41.19,1869969.0,78750366.0
2025-06-10,41.02,41.3,40.51,40.87,2015655.0,83342079.0
2025-06-11,40.52,42.93,40.52,41.32,2558461.0,108414930.0
2025-06-12,41.12,42.22,40.88,41.06,1653288.0,69458071.0
2025-06-13,41.4,41.4,40.26,40.6,1630268.0,67048519.0
2025-06-16,40.78,42.46,40.45,41.48,2833696.0,118988745.0
2025-06-17,41.32,42.66,41.29,41.44,1994056.0,84589992.0
2025-06-18,41.4,44.31,41.22,43.49,5149068.0,224623302.0
2025-06-19,43.91,44.26,42.39,42.57,2546391.0,110936426.0
2025-06-20,42.77,43.94,42.15,42.35,1996935.0,86296786.0
2025-06-23,42.0,44.36,41.91,44.15,4837738.0,214132711.0
2025-06-24,43.98,44.89,43.75,44.76,4145358.0,185704418.0
2025-06-25,45.07,46.16,43.97,44.87,4928395.0,224114394.0
2025-06-26,45.09,46.6,44.51,44.73,5418776.0,250492539.0
2025-06-27,44.93,46.13,43.81,45.8,4898572.0,223761405.0
2025-06-30,46.52,47.38,45.3,46.05,5365123.0,250304427.0
2025-07-01,46.48,47.35,45.42,45.61,3116105.0,144871752.0
2025-07-02,45.77,45.77,43.89,44.2,2952507.0,132705218.0
2025-07-03,44.02,45.16,44.02,44.81,2428347.0,109564695.0
2025-07-04,44.6,46.42,44.55,45.32,3714916.0,171091130.0
2025-07-07,46.5,49.29,46.5,46.87,10363172.0,502109842.0
2025-07-08,46.99,51.02,46.37,50.14,10690862.0,532154003.0
2025-07-09,50.21,51.16,48.06,48.61,6448004.0,319620019.0
2025-07-10,49.1,49.28,47.85,48.61,5190718.0,255030582.0
2025-07-11,48.25,48.62,47.57,47.71,4231712.0,205471893.0
2025-07-14,47.7,48.39,47.15,48.02,2905875.0,140578204.0
2025-07-15,48.02,49.89,48.02,49.33,5389510.0,268368939.0
2025-07-16,49.49,49.49,48.5,48.59,2695644.0,132929358.0
2025-07-17,48.5,49.69,47.85,49.3,3848399.0,190378973.0
2025-07-18,49.3,50.59,49.04,49.39,3059548.0,153742905.0
2025-07-21,49.5,50.0,48.2,49.57,3506747.0,173282716.0
2025-07-22,49.55,53.19,49.38,50.68,7260728.0,379098761.0
2025-07-23,50.68,50.7,49.09,49.15,3578536.0,178780544.0
2025-07-24,49.15,49.83,48.52,49.15,3068708.0,152178539.0
2025-07-25,49.15,50.79,48.8,49.68,2662710.0,132987660.0
2025-07-28,49.8,53.0,49.15,52.7,7409613.0,386634633.0
2025-07-29,53.38,60.1,52.5,59.1,14119572.0,813911493.0
2025-07-30,59.43,60.6,58.62,60.16,7174907.0,430472487.0
2025-07-31,60.01,61.34,57.2,57.7,10095955.0,599342920.0
2025-08-01,57.37,58.13,54.3,54.92,7907747.0,446104720.0
2025-08-04,54.7,55.02,53.4,54.54,4516204.0,246336992.0
2025-08-05,54.94,55.19,53.31,53.56,5208485.0,283307323.0
2025-08-06,53.5,54.16,52.73,53.13,4094275.0,220161539.0
2025-08-07,53.18,54.07,52.46,53.57,5502517.0,296314988.0
2025-08-08,53.57,53.78,52.43,52.59,4224389.0,225978163.0
2025-08-11,52.5,54.04,52.15,53.6,4516940.0,243609665.0
2025-08-12,53.8,54.36,52.38,53.45,5357939.0,288090908.0
2025-08-13,53.43,56.46,53.43,56.46,7893826.0,440768681.0
2025-08-14,56.7,56.74,54.05,54.88,5371122.0,298266787.0
2025-08-15,54.68,58.66,54.67,57.93,7149779.0,411063582.0
2025-08-18,59.23,60.34,57.35,58.12,6358244.0,377272002.0
2025-08-19,58.2,58.51,56.11,56.5,4620307.0,265498772.0
2025-08-20,56.02,58.48,54.59,58.3,4573740.0,260738599.0
2025-08-21,59.09,59.4,56.29,56.61,4744081.0,274196278.0
2025-08-22,56.5,61.85,56.08,60.04,9407146.0,565365782.0
2025-08-25,60.8,64.94,60.1,63.1,8648412.0,544849689.0
2025-08-26,62.48,63.35,61.07,62.46,5834043.0,365766160.0
2025-08-27,60.7,60.7,57.71,57.8,14419954.0,858479348.0
2025-08-28,57.4,59.69,56.0,59.29,12111742.0,706439162.0
2025-08-29,61.48,62.25,57.81,59.66,11191508.0,671071639.0
2025-09-01,59.76,60.19,55.61,56.73,10081771.0,581624767.0
2025-09-02,56.31,57.37,52.2,52.63,9362709.0,510440196.0
2025-09-03,52.69,54.48,51.78,52.35,6708661.0,358505044.0
2025-09-04,52.3,53.08,49.11,50.0,7490150.0,385328502.0
2025-09-05,50.02,53.0,49.73,52.39,5582411.0,291846069.0
2025-09-08,52.54,52.6,51.28,52.03,4428274.0,231459336.0
2025-09-09,52.03,52.45,50.91,51.01,2897386.0,150958435.0
2025-09-10,51.5,52.79,51.17,51.26,2812449.0,147259283.0
2025-09-11,51.26,54.89,51.01,54.54,7329765.0,392949879.0
2025-09-12,54.56,57.25,53.6,55.5,7294614.0,407761314.0
2025-09-15,56.5,56.5,53.76,54.1,4632864.0,254957297.0
2025-09-16,53.9,54.89,53.44,53.7,3651138.0,198755118.0
2025-09-17,53.66,54.74,53.13,53.95,3478961.0,189378232.0
2025-09-18,54.0,57.94,53.64,56.1,11379179.0,644013147.0
2025-09-19,56.66,57.85,56.02,56.46,6523932.0,374574142.0
2025-09-22,56.96,58.73,56.5,57.62,5966556.0,346915849.0
2025-09-23,57.6,58.38,56.18,58.05,7686281.0,443744835.0
2025-09-24,57.5,61.19,57.06,60.55,10164024.0,609883752.0
2025-09-25,60.02,61.89,58.55,60.26,8332534.0,505052102.0
2025-09-26,60.19,61.8,59.15,59.23,6496630.0,395438347.0
2025-09-29,60.0,61.38,59.02,59.51,5331784.0,321028302.0
2025-09-30,60.27,63.55,60.27,61.6,7785970.0,487587333.0
2025-10-09,62.44,65.73,61.72,62.1,8886591.0,571169983.0
2025-10-10,61.48,63.43,59.72,62.9,6691480.0,418062137.0
2025-10-13,60.0,61.06,58.7,60.01,7514723.0,453634989.0
2025-10-14,61.12,61.6,55.5,55.84,8399751.0,491516060.0
2025-10-15,56.13,56.51,54.71,56.4,4751184.0,266708013.0
2025-10-16,56.4,59.16,55.82,56.25,5710114.0,331213619.0
2025-10-17,55.8,56.29,52.61,53.06,5158687.0,281484753.0
2025-10-20,54.07,56.69,54.02,55.01,5143062.0,286753817.0
2025-10-21,55.0,57.05,55.0,55.74,3739448.0,211930388.0
2025-10-22,55.55,56.28,54.75,55.24,2326201.0,130124499.0
2025-10-23,55.02,55.02,53.06,54.3,2667544.0,145040170.0
2025-10-24,55.23,57.71,55.23,57.2,4032283.0,231591051.0
2025-10-27,59.4,66.06,59.38,63.13,12899377.0,824651764.0
2025-10-28,63.11,65.85,62.81,64.95,7825133.0,507032452.0
2025-10-29,65.4,66.85,63.62,64.7,6965574.0,455940234.0
2025-10-30,63.6,67.93,63.16,65.17,8770201.0,578531117.0
2025-10-31,64.5,65.88,62.2,63.1,7561100.0,486061940.0
2025-11-03,63.03,63.04,59.1,60.91,6996376.0,424767357.0
2025-11-04,60.85,61.19,58.91,59.21,4226001.0,254132669.0
2025-11-05,58.38,58.66,56.71,57.88,4930540.0,287297699.0
2025-11-06,59.87,61.79,58.58,60.81,6915217.0,420027855.0
2025-11-07,59.64,61.39,58.76,60.19,5084735.0,308164949.0
2025-11-10,60.7,61.94,59.09,60.33,5946849.0,360989854.0
2025-11-11,60.8,61.98,57.86,58.44,6791407.0,410288510.0
2025-11-12,57.52,59.29,55.87,58.48,6185841.0,358437791.0
2025-11-13,58.4,59.86,58.11,58.49,4859977.0,289293052.0
2025-11-14,57.39,57.39,55.89,56.01,4833595.0,275380160.0
2025-11-17,56.49,56.78,54.6,54.97,3195297.0,178936713.0
2025-11-18,54.9,55.79,54.45,54.72,2579763.0,143047785.0
2025-11-19,54.72,54.95,53.33,53.79,2864426.0,156025033.0
2025-11-20,54.5,55.68,54.1,54.9,4217447.0,233404173.0
2025-11-21,53.55,53.98,52.25,52.36,3675717.0,196815808.0
2025-11-24,52.65,54.25,52.3,53.77,2711192.0,145980489.0
2025-11-25,54.49,56.59,54.3,55.37,3992836.0,223447894.0
2025-11-26,55.0,56.58,54.55,55.3,2650523.0,148259224.0
2025-11-27,54.89,56.99,54.66,54.9,2603519.0,146907871.0
2025-11-28,54.6,55.95,54.21,55.5,2359561.0,131188299.0
2025-12-01,55.9,56.6,55.11,56.33,2955363.0,167405546.0
2025-12-02,56.48,56.49,55.59,55.71,1550363.0,87485429.0
2025-12-03,55.8,56.96,55.6,56.06,2060560.0,117003946.0
2025-12-04,56.11,56.62,55.03,56.15,1614502.0,90985435.0
2025-12-05,56.3,57.38,55.31,56.82,2848626.0,162453585.0
2025-12-08,57.1,58.98,56.6,58.24,3924715.0,230094502.0
2025-12-09,58.3,59.3,57.98,58.33,3252518.0,192266116.0
2025-12-10,58.34,58.54,57.28,58.02,2538218.0,147719036.0
2025-12-11,58.38,58.88,57.16,57.34,2437356.0,142798296.0
2025-12-12,57.08,58.7,56.11,58.06,3236473.0,187020528.0
2025-12-15,57.52,58.05,56.75,57.54,2299601.0,133260871.0
2025-12-16,57.5,57.68,55.2,56.11,2890817.0,163279088.0
2025-12-17,55.89,58.74,55.59,58.52,4131484.0,239589036.0
2025-12-18,58.67,58.68,56.72,56.81,2557842.0,148138353.0
2025-12-19,57.39,57.64,56.15,56.29,2922011.0,166884477.0
2025-12-22,56.5,58.93,56.5,58.48,3945902.0,231520799.0
2025-12-23,58.45,62.01,58.45,61.4,8349502.0,512273606.0
2025-12-24,62.45,66.45,61.71,65.98,10956550.0,705364516.0
2025-12-25,65.03,65.88,63.8,64.16,4748051.0,308671043.0
2025-12-26,64.15,64.54,62.64,63.19,4437881.0,283493513.0
2025-12-29,63.59,64.49,62.62,63.25,4350141.0,278348289.0
2025-12-30,62.75,64.15,62.52,62.52,3157953.0,200682954.0
2025-12-31,63.1,63.6,61.59,61.59,3168384.0,199137915.0
2026-01-05,61.9,63.69,61.9,63.22,4451362.0,282843120.0
2026-01-06,64.08,64.78,63.11,63.9,6878810.0,442175504.0
2026-01-07,64.0,66.19,64.0,65.2,9391812.0,614426477.0
2026-01-08,63.3,64.4,62.22,62.73,6123790.0,389628332.0
2026-01-09,62.22,63.67,61.68,63.55,4610631.0,292256015.0
2026-01-12,63.56,63.91,61.75,62.61,4984199.0,313417054.0
2026-01-13,62.12,62.94,60.06,60.36,4739373.0,292271523.0
2026-01-14,60.39,61.7,59.28,60.07,4575205.0,279093133.0
2026-01-15,59.93,64.83,59.52,64.15,8388739.0,529072953.0
2026-01-16,65.11,67.76,64.33,67.25,8494492.0,565336127.0
2026-01-19,68.11,70.79,67.55,67.73,7160191.0,495939408.0
2026-01-20,67.48,69.94,66.58,68.47,7148481.0,490850856.0
2026-01-21,67.8,72.4,67.8,71.5,8180775.0,585307361.0
2026-01-22,73.01,73.47,68.8,69.33,6670238.0,469848492.0
2026-01-23,68.55,69.29,67.38,68.24,4709704.0,322983623.0
2026-01-26,68.58,69.45,66.18,67.0,5317953.0,359727914.0
2026-01-27,66.51,69.93,65.03,69.64,6292030.0,430011575.0
2026-01-28,70.0,71.39,69.37,70.3,5232565.0,368751549.0
2026-01-29,70.7,71.72,64.5,64.6,8317513.0,561398829.0
2026-01-30,64.2,67.2,62.75,66.29,6423704.0,421731810.0
2026-02-02,65.51,65.7,61.09,61.09,6629856.0,417746120.0
2026-02-03,62.38,62.81,60.84,62.43,3653876.0,228025739.0
2026-02-04,61.7,62.29,60.25,61.18,3509564.0,215532055.0
2026-02-05,60.0,60.66,58.7,59.35,3959531.0,237386355.0
2026-02-06,58.62,60.44,58.62,59.33,3103046.0,186467224.0
2026-02-09,60.87,61.89,60.18,61.07,3191022.0,196650866.0
2026-02-10,61.37,62.79,60.91,62.08,3850075.0,240875703.0
2026-02-11,61.37,63.68,61.37,61.71,3727362.0,234481869.0
2026-02-12,62.12,63.17,61.75,62.31,3861502.0,242956874.0
2026-02-13,61.8,63.89,61.8,62.3,3410047.0,216970467.0
2026-02-24,62.53,64.68,62.28,63.62,4319233.0,276826074.0
2026-02-25,63.74,68.4,62.39,68.0,7963187.0,527296948.0
2026-02-26,67.99,71.58,67.17,70.84,7878135.0,553676409.0
2026-02-27,70.01,71.39,68.66,70.42,6377747.0,447900665.0
2026-03-02,69.5,73.49,69.05,71.39,7440746.0,537767747.0
2026-03-03,72.15,72.38,66.1,66.45,6783923.0,465868611.0
2026-03-04,65.55,67.76,65.06,65.64,4323875.0,287621799.0
2026-03-05,67.0,70.3,66.21,67.74,5921893.0,407298595.0
2026-03-06,67.3,75.48,66.5,74.5,12734262.0,920458312.0
2026-03-09,70.69,84.36,70.1,82.8,20254645.0,1562368532.0
2026-03-10,87.51,99.46,87.51,99.46,18627590.0,1813257393.0
2026-03-11,98.6,103.18,97.5,99.06,18148155.0,1817725625.0
2026-03-12,98.01,98.74,93.82,96.6,14226193.0,1373146628.0
2026-03-13,96.48,96.6,90.02,90.5,10866706.0,1001729723.0
2026-03-16,90.1,95.4,87.4,93.02,11386596.0,1041410471.0
2026-03-17,92.5,94.42,87.27,87.27,7366297.0,665138334.0
2026-03-18,88.44,90.44,85.83,86.95,6732297.0,593386975.0
2026-03-19,84.6,85.49,81.71,83.29,8229650.0,690227882.0
2026-03-20,84.39,84.99,79.75,80.04,7117561.0,587917912.0
2026-03-23,78.7,80.74,76.16,76.68,7304911.0,573163453.0
2026-03-24,77.94,81.8,75.26,81.8,7551794.0,596437869.0
2026-03-25,82.45,86.89,82.36,85.32,11256408.0,962761162.0
2026-03-26,85.5,86.75,83.3,84.61,6203853.0,529036388.0
2026-03-27,81.81,88.79,81.27,87.29,7713955.0,670833274.0
2026-03-30,85.55,88.4,84.57,87.5,6125440.0,533613361.0
2026-03-31,86.03,86.64,82.75,83.56,4840389.0,410416283.0
2026-04-01,86.7,90.5,86.08,87.91,5140862.0,454999058.0
2026-04-02,87.26,87.26,82.68,83.1,4344730.0,369286311.0
2026-04-03,83.92,90.3,83.45,87.1,6360241.0,556430729.0
2026-04-07,87.93,94.85,86.7,91.26,6255192.0,575140065.0
2026-04-08,93.96,94.06,91.44,93.13,6685925.0,623640605.0
2026-04-09,93.13,95.3,92.16,93.23,5248920.0,493961883.0
2026-04-10,93.02,96.0,92.09,92.59,4537111.0,427292512.0
2026-04-13,91.11,97.27,90.18,96.0,6439552.0,611605138.0
2026-04-14,95.26,96.95,93.65,94.75,5797690.0,553068737.0
2026-04-15,94.94,95.45,91.87,92.52,4240585.0,398289598.0
2026-04-16,91.75,94.13,90.69,91.44,5064441.0,468193694.0
2026-04-17,91.81,96.19,91.44,94.55,7357771.0,696182365.0
2026-04-20,94.38,96.99,91.5,94.3,6113503.0,578697475.0
2026-04-21,94.71,96.0,91.8,94.16,5501912.0,521333064.0
2026-04-22,94.07,95.99,92.17,94.88,6875067.0,651296692.0
2026-04-23,95.6,96.5,87.55,89.55,8130802.0,742241033.0
2026-04-24,88.64,90.95,85.35,86.5,7831426.0,685754966.0
2026-04-27,85.6,90.49,85.6,89.13,4853086.0,435527571.0
2026-04-28,88.5,88.5,82.61,83.55,8344814.0,706583307.0
2026-04-29,82.7,85.83,82.67,84.68,5269512.0,447642124.0
2026-04-30,85.0,87.76,84.01,86.93,5057738.0,437271650.0
2026-05-06,89.1,92.44,89.1,90.69,7950153.0,724529002.0
2026-05-07,91.5,95.86,88.6,94.46,7280143.0,679947024.0
2026-05-08,93.5,95.5,92.17,93.79,5318210.0,500422095.0
2026-05-11,96.65,97.8,93.24,95.59,6872799.0,660623787.0
2026-05-12,96.34,112.48,96.28,111.5,15987882.0,1671334756.0
2026-05-13,108.48,130.84,107.52,126.71,20329103.0,2481907123.0
2026-05-14,128.02,130.68,125.5,126.5,12576930.0,1611498289.0
2026-05-15,130.5,132.67,120.08,121.8,11268191.0,1403580994.0
2026-05-18,121.5,123.97,116.86,120.69,8994162.0,1093118370.0
2026-05-19,118.06,124.6,116.52,124.01,8554006.0,1039830556.0
2026-05-20,122.52,124.98,118.55,122.42,8641154.0,1054785686.0
2026-05-21,123.11,129.4,116.57,116.57,10019904.0,1237116374.0
2026-05-22,118.5,139.4,117.1,134.35,13041840.0,1700740245.0
2026-05-25,136.16,142.08,132.51,139.49,11970846.0,1662620957.0
2026-05-26,140.79,159.48,137.5,157.0,14187017.0,2108520057.0
2026-05-27,159.5,161.87,144.56,146.39,12529351.0,1885887946.0
2026-05-28,147.84,166.48,141.0,160.72,12523228.0,1901952204.0
2026-05-29,159.17,177.5,153.5,167.19,13835697.0,2324613697.0
2026-06-01,177.5,191.5,167.3,174.0,17336066.0,3116932595.0
2026-06-02,175.8,190.98,172.3,183.02,11296715.0,2076105999.0
2026-06-03,175.5,178.5,161.55,166.27,15843005.0,2722801147.0
2026-06-04,163.47,174.18,159.2,168.3,12430787.0,2072285771.0
2026-06-05,161.23,163.19,153.1,156.71,11252006.0,1788219577.0
2026-06-08,141.5,162.86,141.5,158.47,9301678.0,1442904702.0
2026-06-09,165.23,168.27,158.33,167.04,8927611.0,1469966416.0
2026-06-10,163.02,183.87,162.52,180.19,10985131.0,1922635907.0
2026-06-11,177.0,180.58,171.39,177.66,7172975.0,1264902660.0
2026-06-12,188.0,211.0,186.0,188.06,10948756.0,2159168325.0
2026-06-15,200.0,215.56,192.0,213.11,9577471.0,1984860108.0
2026-06-16,213.11,238.0,210.0,220.0,10782507.0,2417584378.0
2026-06-17,215.67,249.94,215.67,235.24,9386715.0,2222822638.0
2026-06-18,232.99,277.72,232.0,270.47,8862607.0,2266466601.0
2026-06-22,278.15,297.31,268.0,272.54,14104189.0,3973351208.0
2026-06-23,269.25,269.27,233.62,238.93,14542794.0,3579531393.0
2026-06-24,234.65,249.0,229.01,246.56,11410539.0,2775096333.0
2026-06-25,245.0,278.98,239.08,269.99,11533511.0,3009744048.0
2026-06-26,260.03,276.0,251.87,265.56,10160731.0,2673078042.0
2026-06-29,265.0,279.15,233.8,244.98,13294225.0,3336469009.0
2026-06-30,244.99,246.8,230.67,244.4,10675517.0,2545639423.0
2026-07-01,246.0,252.0,226.09,231.0,11897621.0,2809064633.0
2026-07-02,215.0,224.0,208.12,208.78,10032134.0,2161635840.0
2026-07-03,206.0,217.58,200.88,208.99,8681361.0,1818166148.0
2026-07-06,217.3,217.3,188.0,192.0,12242130.0,2421254269.0
2026-07-07,192.0,196.0,185.1,189.01,7837180.0,1487468971.0
2026-07-08,191.0,194.1,180.6,182.06,6240981.0,1162264169.0
2026-07-09,188.0,196.99,183.08,196.16,9484345.0,1810265566.0
2026-07-10,199.7,205.48,183.17,183.17,10619975.0,2088987281.0
2026-07-13,178.3,188.88,164.01,165.7,13288856.0,2314201251.0
2026-07-14,168.44,183.17,168.06,180.32,10411140.0,1823721703.0
2026-07-15,183.92,186.0,166.05,166.31,9428926.0,1628312641.0
2026-07-16,165.25,172.0,155.02,158.4,7271907.0,1185343161.0
2026-07-17,160.44,160.68,140.42,141.0,10486017.0,1553714250.0
2026-07-20,146.58,147.99,117.6,121.79,12548955.0,1650812108.0
2026-07-21,127.99,135.98,111.12,135.3,13820918.0,1735617950.0
2026-07-22,134.01,138.11,127.3,128.32,10489452.0,1400619745.0
2026-07-23,130.12,136.31,125.31,127.38,8340892.0,1085496828.0
2026-07-24,125.5,128.4,121.37,123.5,6900108.0,861253940.0
2026-07-27,124.21,132.11,120.94,131.78,8779006.0,1114961111.0
2026-07-28,126.0,130.29,117.52,118.76,8411421.0,1037010607.0
2026-07-29,119.99,122.8,108.3,115.88,10702767.0,
2026-07-30,115.62,116.67,103.33,104.76,10187241.0,
2026-07-31,117.0,119.43,107.13,107.32,10409236.0,
2026-08-03,106.1,108.15,98.78,100.2,9463440.0,
2026-08-04,102.95,112.6,100.9,111.18,9753846.0,
2026-08-05,109.95,127.98,109.05,125.05,13627299.0,
