date,open,high,low,close,preclose,volume,amount,volume_unit,special_treatment
2023-04-21,55.1,56.21,46.56,49.09,36.15,43857417,2209689385.35,shares,0
2023-04-24,49.99,51.58,47.05,51.0,49.09,27129905,1344608462.69,shares,0
2023-04-25,50.2,50.79,45.06,45.4,51.0,19304343,927825987.14,shares,0
2023-04-26,45.0,47.55,44.88,45.93,45.4,13321699,619581352.55,shares,0
2023-04-27,45.55,48.98,45.55,46.89,45.93,12607458,599962298.76,shares,0
2023-04-28,48.0,54.8,47.2,53.11,46.89,23704118,1197629742.21,shares,0
2023-05-04,51.02,52.0,49.49,50.5,53.11,16575717,842453297.8,shares,0
2023-05-05,49.7,50.7,44.0,44.0,50.5,18092510,841925672.17,shares,0
2023-05-08,43.0,46.3,42.36,45.48,44.0,10242743,458290167.0,shares,0
2023-05-09,45.48,48.18,44.61,45.7,45.48,11624145,542516198.94,shares,0
2023-05-10,45.12,47.41,43.7,43.9,45.7,9172654,414991803.18,shares,0
2023-05-11,44.69,45.25,43.2,43.48,43.9,5715657,251217790.05,shares,0
2023-05-12,43.7,44.9,41.36,41.68,43.48,7966099,341451988.38,shares,0
2023-05-15,41.77,44.1,41.11,43.92,41.68,7501084,320780317.14,shares,0
2023-05-16,43.46,44.66,43.03,43.24,43.92,6377680,279330536.23,shares,0
2023-05-17,43.24,46.3,43.06,44.47,43.24,9597265,430701417.94,shares,0
2023-05-18,44.04,44.9,43.76,44.2,44.47,6550879,289909277.08,shares,0
2023-05-19,43.98,46.82,43.75,45.25,44.2,8856583,402569287.76,shares,0
2023-05-22,45.69,45.98,44.53,45.35,45.25,5588591,251841729.39,shares,0
2023-05-23,45.02,45.46,43.01,43.4,45.35,6179049,271206493.92,shares,0
2023-05-24,43.43,48.95,43.43,46.73,43.4,14329699,666264742.47,shares,0
2023-05-25,46.0,47.45,45.81,46.77,46.73,9222667,428505350.88,shares,0
2023-05-26,46.65,46.87,45.51,45.59,46.77,7204785,331992838.75,shares,0
2023-05-29,45.2,46.36,44.6,45.1,45.59,7407883,337358101.1,shares,0
2023-05-30,44.77,45.28,44.08,45.14,45.1,5186429,231675703.16,shares,0
2023-05-31,44.63,46.38,44.29,45.95,45.14,7457551,339626609.04,shares,0
2023-06-01,45.6,46.2,44.66,45.21,45.95,6811232,309228424.72,shares,0
2023-06-02,45.4,46.37,45.11,45.7,45.21,5517271,252085256.21,shares,0
2023-06-05,46.1,46.76,44.99,45.11,45.7,5809657,266425462.48,shares,0
2023-06-06,44.65,45.0,43.14,43.56,45.11,5717287,251974719.6,shares,0
2023-06-07,43.65,44.26,43.43,43.8,43.56,2843585,124751062.51,shares,0
2023-06-08,43.33,44.08,42.6,42.71,43.8,3682807,159347799.35,shares,0
2023-06-09,42.4,42.94,41.85,42.93,42.71,4287393,181557434.0,shares,0
2023-06-12,42.56,43.22,42.41,42.65,42.93,2814143,120270622.36,shares,0
2023-06-13,42.78,44.38,42.58,44.17,42.65,5082927,222835295.79,shares,0
2023-06-14,44.2,44.79,43.68,44.17,44.17,3555065,157379783.73,shares,0
2023-06-15,43.83,44.38,43.58,43.8,44.17,2721528,119457227.17,shares,0
2023-06-16,44.0,45.07,43.92,44.63,43.8,3893156,173681754.37,shares,0
2023-06-19,44.26,45.27,44.17,44.3,44.63,4155931,185517043.16,shares,0
2023-06-20,43.98,44.84,43.54,43.91,44.3,4061592,179440470.62,shares,0
2023-06-21,43.62,43.66,42.0,42.03,43.91,3856433,164627102.63,shares,0
2023-06-26,41.55,42.7,41.25,41.68,42.03,2769733,115958172.71,shares,0
2023-06-27,41.98,42.78,41.64,42.3,41.68,2593928,109496519.48,shares,0
2023-06-28,42.18,42.44,40.48,41.05,42.3,3519051,145019407.55,shares,0
2023-06-29,41.0,42.04,40.81,41.14,41.05,2389020,99082709.38,shares,0
2023-06-30,41.11,42.55,41.0,42.2,41.14,3159986,132933519.6,shares,0
2023-07-03,42.18,42.89,41.95,42.38,42.2,2515333,106574651.33,shares,0
2023-07-04,42.5,43.3,42.22,42.68,42.38,2806234,119999099.64,shares,0
2023-07-05,42.85,43.37,41.99,42.09,42.68,2406294,102663160.72,shares,0
2023-07-06,41.95,42.59,41.78,42.2,42.09,1604785,67790430.56,shares,0
2023-07-07,42.0,42.08,41.31,41.34,42.2,2188273,91051451.05,shares,0
2023-07-10,41.46,41.88,41.15,41.49,41.34,1430462,59394766.83,shares,0
2023-07-11,41.69,42.68,41.46,42.68,41.49,2274328,96333004.88,shares,0
2023-07-12,42.4,42.59,41.81,41.84,42.68,1938238,81752427.0,shares,0
2023-07-13,42.22,44.19,42.2,43.86,41.84,5246936,227182202.75,shares,0
2023-07-14,44.04,44.35,43.44,43.49,43.86,2841006,124393857.62,shares,0
2023-07-17,43.5,43.56,42.3,42.63,43.49,2354899,100807271.03,shares,0
2023-07-18,42.58,43.25,42.0,42.16,42.41,2324696,99106586.22,shares,0
2023-07-19,42.0,42.45,41.56,42.23,42.16,2163067,90579595.26,shares,0
2023-07-20,42.23,42.45,39.88,39.97,42.23,4660564,190342219.42,shares,0
2023-07-21,39.95,40.31,39.4,40.22,39.97,1713639,68452788.26,shares,0
2023-07-24,40.0,40.59,39.6,39.93,40.22,1388507,55710976.83,shares,0
2023-07-25,40.77,40.77,40.0,40.4,39.93,1809008,72948715.22,shares,0
2023-07-26,40.4,40.45,39.49,39.66,40.4,1831146,73108829.87,shares,0
2023-07-27,39.76,40.26,38.94,38.95,39.66,2418465,95670234.27,shares,0
2023-07-28,38.95,39.23,37.97,39.2,38.95,2430317,93823124.08,shares,0
2023-07-31,39.16,39.59,38.94,39.41,39.2,1671331,65776503.29,shares,0
2023-08-01,39.41,39.5,38.81,39.09,39.41,1273125,49718914.52,shares,0
2023-08-02,39.33,39.7,38.91,39.45,39.09,1657371,65266545.28,shares,0
2023-08-03,39.39,39.53,39.01,39.22,39.45,1240866,48611315.28,shares,0
2023-08-04,39.46,39.77,39.01,39.21,39.22,1278998,50267647.15,shares,0
2023-08-07,39.19,39.36,38.17,38.24,39.21,1551063,60064503.34,shares,0
2023-08-08,38.28,38.98,37.67,38.7,38.24,1979686,75949647.22,shares,0
2023-08-09,38.55,38.56,37.69,38.05,38.7,1414963,53888358.75,shares,0
2023-08-10,38.0,38.67,37.88,38.28,38.05,1194610,45804183.94,shares,0
2023-08-11,38.4,38.44,37.11,37.16,38.28,1574448,59280946.13,shares,0
2023-08-14,36.89,37.4,36.77,37.4,37.16,1271162,47102874.72,shares,0
2023-08-15,37.58,37.85,36.59,36.87,37.4,1336751,49430359.89,shares,0
2023-08-16,36.57,36.9,36.11,36.16,36.87,1177098,42966773.42,shares,0
2023-08-17,36.02,37.32,35.6,37.22,36.16,2008259,73743396.61,shares,0
2023-08-18,37.13,38.33,36.99,37.06,37.22,2179573,82204899.48,shares,0
2023-08-21,37.0,37.56,36.33,36.34,37.06,1302191,47906929.33,shares,0
2023-08-22,36.64,36.8,35.27,36.32,36.34,1723871,62153888.02,shares,0
2023-08-23,36.0,36.07,34.76,34.85,36.32,1753803,61872633.22,shares,0
2023-08-24,34.99,35.65,34.34,35.04,34.85,1479867,51911254.38,shares,0
2023-08-25,35.19,35.19,33.15,33.55,35.04,2259007,76663100.33,shares,0
2023-08-28,35.88,35.94,34.0,34.1,33.55,2304038,80806645.15,shares,0
2023-08-29,34.1,36.61,34.08,36.25,34.1,3626862,129581414.51,shares,0
2023-08-30,36.55,38.0,36.5,37.58,36.25,3757394,140719211.19,shares,0
2023-08-31,37.32,38.83,37.18,38.7,37.58,4206355,161316071.46,shares,0
2023-09-01,38.69,38.96,37.75,38.27,38.7,2251655,86141473.4,shares,0
2023-09-04,38.27,38.55,37.47,38.26,38.27,1780784,67459771.61,shares,0
2023-09-05,38.27,39.39,38.03,38.84,38.26,3613473,140227138.04,shares,0
2023-09-06,38.58,40.25,38.5,40.01,38.84,5049328,200251658.4,shares,0
2023-09-07,40.16,40.19,38.66,38.81,40.01,3559492,140636081.3,shares,0
2023-09-08,38.98,39.8,38.6,39.2,38.81,2599032,102148692.87,shares,0
2023-09-11,38.72,38.86,37.86,38.01,39.2,3230064,123498827.27,shares,0
2023-09-12,37.8,38.16,37.68,37.73,38.01,1350240,51142359.57,shares,0
2023-09-13,37.55,37.9,36.88,37.28,37.73,1554995,57979211.37,shares,0
2023-09-14,37.1,37.47,36.36,36.91,37.28,1272493,46803376.68,shares,0
2023-09-15,37.0,38.25,36.42,37.3,36.91,2105645,78535065.96,shares,0
2023-09-18,37.27,37.4,36.32,37.08,37.3,1984936,73098319.19,shares,0
2023-09-19,37.07,37.1,36.26,36.46,37.08,1088184,39752193.02,shares,0
2023-09-20,36.17,36.53,35.8,35.8,36.46,820324,29570126.2,shares,0
2023-09-21,36.06,36.25,35.4,35.59,35.8,906823,32391931.67,shares,0
2023-09-22,35.49,36.87,35.46,36.83,35.59,1471250,53561780.53,shares,0
2023-09-25,36.78,36.96,36.33,36.5,36.83,820922,29936473.18,shares,0
2023-09-26,36.65,36.65,35.88,35.9,36.5,685879,24770110.2,shares,0
2023-09-27,36.15,36.49,35.72,36.24,35.9,961834,34825596.96,shares,0
2023-09-28,36.6,36.85,36.2,36.72,36.24,934742,34214994.32,shares,0
2023-10-09,36.36,36.96,35.99,36.13,36.72,865546,31394110.17,shares,0
2023-10-10,36.0,36.92,36.0,36.11,36.13,851562,31030757.67,shares,0
2023-10-11,36.46,36.75,35.99,36.7,36.11,921986,33626917.76,shares,0
2023-10-12,36.71,36.96,35.81,36.8,36.7,1588689,57773882.74,shares,0
2023-10-13,36.53,36.78,36.23,36.47,36.8,1078736,39290208.38,shares,0
2023-10-16,37.88,37.95,36.32,36.49,36.47,1881337,69925838.07,shares,0
2023-10-17,36.8,36.8,35.52,36.02,36.49,1243287,44610781.87,shares,0
2023-10-18,35.71,36.06,34.98,34.98,36.02,979542,34678031.45,shares,0
2023-10-19,34.9,36.27,34.68,35.06,34.98,1507254,53746428.19,shares,0
2023-10-20,35.36,35.36,34.2,34.38,35.06,1331295,46199393.27,shares,0
2023-10-23,33.86,33.86,32.06,32.79,34.38,4466416,146287437.76,shares,0
2023-10-24,32.95,34.08,32.8,33.83,32.79,2398099,80429077.83,shares,0
2023-10-25,33.83,34.26,33.41,33.77,33.83,1434794,48599187.33,shares,0
2023-10-26,33.5,33.79,32.94,33.56,33.77,1239672,41270390.89,shares,0
2023-10-27,33.32,34.76,33.25,34.55,33.56,1694786,57686497.3,shares,0
2023-10-30,34.78,36.98,34.78,36.67,34.55,3493309,126310669.36,shares,0
2023-10-31,37.05,37.73,35.97,36.22,36.67,1832161,67152681.67,shares,0
2023-11-01,36.22,36.66,36.0,36.18,36.22,1356839,49184011.09,shares,0
2023-11-02,36.25,36.4,35.49,35.53,36.18,1309882,47076314.07,shares,0
2023-11-03,35.55,36.87,35.46,36.7,35.53,1699232,61813713.7,shares,0
2023-11-06,36.79,37.54,36.79,37.15,36.7,1796070,66916812.46,shares,0
2023-11-07,37.11,37.41,36.91,37.2,37.15,1133420,42121235.28,shares,0
2023-11-08,37.15,37.3,36.42,36.83,37.2,1514399,55678921.39,shares,0
2023-11-09,36.56,37.26,36.08,36.46,36.83,1375621,50340386.86,shares,0
2023-11-10,36.61,36.84,35.9,36.3,36.46,1283438,46661564.75,shares,0
2023-11-13,36.44,36.45,35.82,36.2,36.3,1175959,42422723.26,shares,0
2023-11-14,36.05,36.85,35.93,36.46,36.2,1078796,39305347.87,shares,0
2023-11-15,36.9,37.1,36.43,36.56,36.46,1529330,56119849.36,shares,0
2023-11-16,36.28,36.37,35.7,35.74,36.56,1099808,39533631.46,shares,0
2023-11-17,35.65,36.16,35.6,36.1,35.74,810509,29155337.1,shares,0
2023-11-20,36.2,37.06,35.82,36.78,36.1,1924269,70461314.98,shares,0
2023-11-21,36.82,37.04,35.98,36.05,36.78,1538154,55724489.07,shares,0
2023-11-22,35.8,36.15,35.14,35.15,36.05,1433982,50952813.68,shares,0
2023-11-23,35.15,35.64,34.73,35.6,35.15,1114262,39243540.95,shares,0
2023-11-24,35.6,35.6,34.4,34.52,35.6,1398966,48683676.69,shares,0
2023-11-27,34.46,34.88,34.0,34.48,34.52,1469621,50693119.59,shares,0
2023-11-28,34.45,35.3,34.36,35.0,34.48,1270928,44395576.72,shares,0
2023-11-29,35.0,35.58,34.79,34.85,35.0,922001,32444446.29,shares,0
2023-11-30,34.84,35.59,34.23,34.5,34.85,1468224,51047800.56,shares,0
2023-12-01,34.6,34.6,33.55,34.01,34.5,1661914,56292814.72,shares,0
2023-12-04,34.35,35.7,34.23,34.9,34.01,2351515,82251567.15,shares,0
2023-12-05,34.7,35.07,34.31,34.5,34.9,1788145,61968946.88,shares,0
2023-12-06,34.46,35.68,34.46,35.25,34.5,1950021,68615450.91,shares,0
2023-12-07,35.01,35.8,34.85,35.61,35.25,2242275,79165695.6,shares,0
2023-12-08,35.45,36.26,35.31,35.45,35.61,3672298,131315989.69,shares,0
2023-12-11,35.18,35.64,34.81,35.62,35.45,1769338,62244650.48,shares,0
2023-12-12,35.8,36.49,35.54,36.12,35.62,2227011,80447696.1,shares,0
2023-12-13,35.91,36.16,35.69,35.8,36.12,1218646,43768681.17,shares,0
2023-12-14,35.91,36.2,35.5,35.5,35.8,1035625,37020867.22,shares,0
2023-12-15,35.5,35.78,34.76,34.98,35.5,1028348,36031274.32,shares,0
2023-12-18,35.1,35.1,34.12,34.12,34.98,903888,31118965.35,shares,0
2023-12-19,34.05,34.73,33.85,34.59,34.12,847504,29160692.75,shares,0
2023-12-20,34.59,34.99,34.13,34.2,34.59,670679,23157386.31,shares,0
2023-12-21,33.9,34.29,33.47,33.72,34.2,1468704,49540585.89,shares,0
2023-12-22,33.68,34.21,33.01,33.37,33.72,1174085,39651141.9,shares,0
2023-12-25,33.29,33.67,32.91,33.16,33.37,813766,26954750.71,shares,0
2023-12-26,33.16,33.45,32.6,32.98,33.16,1110601,36533280.78,shares,0
2023-12-27,32.98,33.3,32.75,33.11,32.98,841031,27758134.57,shares,0
2023-12-28,33.11,33.84,32.7,33.75,33.11,1270739,42448842.46,shares,0
2023-12-29,33.72,34.14,33.6,34.01,33.75,905693,30761911.46,shares,0
2024-01-02,34.04,34.28,33.55,33.55,34.01,1074930,36448554.96,shares,0
2024-01-03,33.72,33.74,32.4,32.87,33.55,1578033,52113317.62,shares,0
2024-01-04,32.87,32.87,32.5,32.8,32.87,945054,30838524.27,shares,0
2024-01-05,32.75,33.05,31.98,32.11,32.8,1169238,37980830.89,shares,0
2024-01-08,32.29,32.3,30.76,30.83,32.11,1093437,34186910.48,shares,0
2024-01-09,30.85,31.12,30.38,30.65,30.83,837302,25724740.88,shares,0
2024-01-10,30.35,31.04,30.06,30.44,30.65,699905,21375034.82,shares,0
2024-01-11,30.35,31.3,30.18,30.91,30.44,787192,24204009.18,shares,0
2024-01-12,30.92,31.06,30.3,30.32,30.91,722069,22123614.49,shares,0
2024-01-15,30.2,30.68,30.03,30.28,30.32,684997,20786638.62,shares,0
2024-01-16,30.28,30.6,29.98,30.28,30.28,725184,21944610.48,shares,0
2024-01-17,30.47,30.47,29.1,29.1,30.28,899761,26731440.88,shares,0
2024-01-18,29.02,29.3,28.3,29.04,29.1,1206882,34756221.99,shares,0
2024-01-19,29.01,29.54,28.72,28.98,29.04,811194,23613590.23,shares,0
2024-01-22,28.99,29.23,26.81,27.08,28.98,1533896,43043856.55,shares,0
2024-01-23,27.17,27.75,26.68,27.59,27.08,1164939,31673535.4,shares,0
2024-01-24,27.8,28.2,26.84,27.98,27.59,1542400,42430632.06,shares,0
2024-01-25,28.07,32.0,28.0,30.88,27.98,4919618,148575454.12,shares,0
2024-01-26,30.9,31.9,29.87,29.93,30.88,3676280,112602609.5,shares,0
2024-01-29,30.6,33.7,30.59,31.57,29.93,7983665,257083970.96,shares,0
2024-01-30,30.26,31.2,29.3,29.48,31.57,4721360,141159608.39,shares,0
2024-01-31,28.0,29.87,28.0,28.2,29.48,3287819,95334567.75,shares,0
2024-02-01,28.0,29.59,26.49,27.14,28.2,3958486,110223147.78,shares,0
2024-02-02,27.39,28.38,25.01,26.18,27.14,3924185,105778861.64,shares,0
2024-02-05,26.03,26.17,23.27,23.47,26.18,3562006,86960115.1,shares,0
2024-02-06,23.4,25.8,22.58,25.33,23.47,2834624,69592676.41,shares,0
2024-02-07,25.69,26.78,25.12,25.8,25.33,4110555,107278948.48,shares,0
2024-02-08,26.3,27.0,25.07,26.7,25.8,4011132,106058472.77,shares,0
2024-02-19,26.79,27.32,26.4,27.0,26.7,2737576,73426266.34,shares,0
2024-02-20,26.63,26.95,26.38,26.67,27.0,1996451,53064077.13,shares,0
2024-02-21,26.59,28.65,26.36,27.15,26.67,3456721,94660561.64,shares,0
2024-02-22,27.01,27.98,27.0,27.5,27.15,2888980,79184296.57,shares,0
2024-02-23,28.58,28.6,27.51,28.23,27.5,3056964,85535676.59,shares,0
2024-02-26,28.0,29.43,27.71,28.92,28.23,3153773,90636576.66,shares,0
2024-02-27,28.6,29.81,28.5,29.69,28.92,2767404,80584588.44,shares,0
2024-02-28,29.34,29.99,27.49,27.53,29.69,4292842,123503864.7,shares,0
2024-02-29,27.7,29.19,27.7,29.0,27.53,3547216,101602241.57,shares,0
2024-03-01,29.28,29.57,28.38,28.78,29.0,2606186,75242991.33,shares,0
2024-03-04,28.89,29.0,28.0,28.46,28.78,2163480,61468461.51,shares,0
2024-03-05,28.19,28.42,27.8,28.0,28.46,2060193,57814381.65,shares,0
2024-03-06,28.2,28.2,27.49,27.63,28.0,1736873,48128175.05,shares,0
2024-03-07,27.78,28.14,27.14,27.18,27.63,2015439,55845778.74,shares,0
2024-03-08,27.15,27.52,27.03,27.26,27.18,1410062,38397301.77,shares,0
2024-03-11,27.22,27.86,27.01,27.77,27.26,1540151,42282320.19,shares,0
2024-03-12,27.7,28.18,27.59,28.1,27.77,2027341,56576200.29,shares,0
2024-03-13,28.17,28.22,27.75,27.86,28.1,1481143,41454823.5,shares,0
2024-03-14,27.92,28.06,27.3,27.48,27.86,1640985,45335298.68,shares,0
2024-03-15,27.31,27.7,26.96,27.65,27.48,1651292,45076200.33,shares,0
2024-03-18,27.82,28.94,27.81,28.78,27.65,3263129,92180454.71,shares,0
2024-03-19,28.77,28.77,28.24,28.25,28.78,1579538,44952303.91,shares,0
2024-03-20,28.25,28.75,28.1,28.49,28.25,1531028,43418872.66,shares,0
2024-03-21,28.49,28.78,27.92,28.01,28.49,1567202,44284562.0,shares,0
2024-03-22,27.89,28.17,27.24,27.55,28.01,1583445,43756450.3,shares,0
2024-03-25,27.52,27.52,26.25,26.3,27.55,2076066,55861741.51,shares,0
2024-03-26,26.42,26.42,25.63,25.89,26.3,1453615,37789593.56,shares,0
2024-03-27,25.8,25.93,24.72,24.8,25.89,1288559,32597481.96,shares,0
2024-03-28,24.9,26.09,24.9,25.85,24.8,1826910,46723489.19,shares,0
2024-03-29,25.88,26.32,25.66,26.05,25.85,1507505,39180584.31,shares,0
2024-04-01,26.32,27.24,26.0,27.1,26.05,2032557,54373847.48,shares,0
2024-04-02,27.0,27.54,26.66,27.26,27.1,1509121,40923279.0,shares,0
2024-04-03,27.31,27.97,27.04,27.18,27.26,1691779,46414439.02,shares,0
2024-04-08,27.26,28.98,27.26,27.99,27.18,4887397,138355412.96,shares,0
2024-04-09,28.1,31.15,27.66,30.75,27.99,9231217,275369673.78,shares,0
2024-04-10,30.88,32.5,29.75,32.43,30.75,11429561,355251410.03,shares,0
2024-04-11,31.0,31.8,30.2,30.33,32.43,8043104,248495578.6,shares,0
2024-04-12,29.55,30.2,28.33,28.41,30.33,6580581,190943369.34,shares,0
2024-04-15,28.0,29.97,26.6,29.07,28.41,6310503,179758150.96,shares,0
2024-04-16,28.57,28.87,26.51,26.6,29.07,4322341,120524231.61,shares,0
2024-04-17,26.9,28.35,26.9,28.25,26.6,3731293,103810127.76,shares,0
2024-04-18,28.26,29.12,28.11,28.29,28.25,3563027,102069926.7,shares,0
2024-04-19,28.25,28.25,27.1,27.29,28.29,3413685,93783184.76,shares,0
2024-04-22,27.49,28.53,26.68,27.98,27.29,3062704,85608911.12,shares,0
2024-04-23,27.8,28.25,27.53,27.81,27.98,2002766,55714518.8,shares,0
2024-04-24,28.17,28.74,27.81,28.73,27.81,2514665,71298925.27,shares,0
2024-04-25,28.7,29.18,28.27,29.0,28.73,2803223,80720412.36,shares,0
2024-04-26,29.0,29.43,28.7,29.17,29.0,2990611,87211089.35,shares,0
2024-04-29,29.3,29.95,29.24,29.85,29.17,2924352,86789411.08,shares,0
2024-04-30,29.99,30.48,29.5,29.85,29.85,3040497,90990884.77,shares,0
2024-05-06,30.5,31.18,30.03,30.81,29.85,3496792,106674817.54,shares,0
2024-05-07,30.8,30.85,30.2,30.28,30.81,2772740,84433637.22,shares,0
2024-05-08,30.25,30.27,29.57,29.57,30.28,2588835,77246546.81,shares,0
2024-05-09,29.49,30.2,29.49,30.02,29.57,2035649,61079705.93,shares,0
2024-05-10,29.95,30.27,29.3,29.45,30.02,2071454,61275318.07,shares,0
2024-05-13,29.0,29.3,28.48,28.61,29.45,1790407,51419108.56,shares,0
2024-05-14,28.79,29.25,28.76,28.79,28.61,1226823,35557901.78,shares,0
2024-05-15,28.79,28.89,28.3,28.33,28.79,1338592,38281265.33,shares,0
2024-05-16,28.51,28.7,28.23,28.37,28.33,1198837,34155116.51,shares,0
2024-05-17,28.38,28.97,28.1,28.97,28.37,1589246,45647472.38,shares,0
2024-05-20,29.35,29.48,28.96,29.07,28.97,1730106,50569906.26,shares,0
2024-05-21,29.1,29.1,28.48,28.62,29.07,1114477,31994044.46,shares,0
2024-05-22,28.74,28.95,28.5,28.92,28.62,1153198,33203400.51,shares,0
2024-05-23,28.92,29.1,28.47,28.59,28.92,1437889,41371244.75,shares,0
2024-05-24,28.58,28.69,27.64,27.64,28.59,1388483,39068482.54,shares,0
2024-05-27,27.88,28.72,27.51,28.72,27.64,2026312,57055191.62,shares,0
2024-05-28,28.82,29.48,28.6,28.67,28.72,2071559,60176359.62,shares,0
2024-05-29,28.56,29.04,28.41,28.95,28.67,1412293,40684161.28,shares,0
2024-05-30,28.88,29.45,28.59,29.3,28.95,2249812,65751927.67,shares,0
2024-05-31,29.1,29.74,29.1,29.37,29.3,1940015,57186491.33,shares,0
2024-06-03,29.7,30.08,28.9,29.09,29.37,2337608,69067714.08,shares,0
2024-06-04,29.01,30.29,28.89,30.29,29.09,2840938,84272866.21,shares,0
2024-06-05,30.0,30.65,29.63,29.8,30.29,2530292,76004884.8,shares,0
2024-06-06,30.05,30.21,28.91,29.16,29.8,2577303,75900982.99,shares,0
2024-06-07,29.48,29.72,29.06,29.37,29.16,1593719,46897178.82,shares,0
2024-06-11,28.5,29.64,27.71,29.59,29.37,3352996,95863674.74,shares,0
2024-06-12,29.25,30.39,29.09,30.06,29.4,3043830,90470944.11,shares,0
2024-06-13,30.02,31.55,29.92,30.88,30.06,4354222,134211738.42,shares,0
2024-06-14,30.62,31.35,30.5,30.64,30.88,3529947,108780418.4,shares,0
2024-06-17,30.36,31.3,30.34,30.51,30.64,2655804,81702881.35,shares,0
2024-06-18,30.53,30.87,30.11,30.37,30.51,1970907,60100170.46,shares,0
2024-06-19,30.68,30.68,29.73,29.86,30.37,1742902,52324531.35,shares,0
2024-06-20,29.82,31.35,29.82,30.28,29.86,3512619,107671703.11,shares,0
2024-06-21,30.0,31.29,29.73,30.81,30.28,3222377,98802901.14,shares,0
2024-06-24,31.0,31.28,29.63,29.71,30.81,2857571,86774823.59,shares,0
2024-06-25,29.67,29.71,28.52,28.64,29.71,2139461,61933391.76,shares,0
2024-06-26,28.59,30.25,28.28,30.2,28.64,2757861,81337051.22,shares,0
2024-06-27,30.0,30.25,29.24,29.36,30.2,1763032,52396054.25,shares,0
2024-06-28,29.25,30.49,29.11,29.85,29.36,2045264,61334200.02,shares,0
2024-07-01,29.97,29.99,28.99,29.77,29.85,1678426,49394859.44,shares,0
2024-07-02,29.88,29.9,29.16,29.34,29.77,1126352,33237454.11,shares,0
2024-07-03,29.35,29.75,29.0,29.28,29.34,1183838,34754083.95,shares,0
2024-07-04,29.58,29.58,28.46,28.48,29.28,1363990,39404991.52,shares,0
2024-07-05,28.22,28.8,27.68,28.61,28.48,1337190,37714736.5,shares,0
2024-07-08,28.41,28.98,27.75,27.79,28.61,1623477,45864507.65,shares,0
2024-07-09,27.7,28.88,27.61,28.81,27.79,1436338,40790577.64,shares,0
2024-07-10,28.78,29.24,28.68,28.92,28.81,1138940,33062395.25,shares,0
2024-07-11,29.56,29.92,29.2,29.79,28.92,1410598,41860338.39,shares,0
2024-07-12,29.69,30.02,29.51,29.67,29.79,1159452,34518749.69,shares,0
2024-07-15,29.78,29.94,29.23,29.3,29.67,1215145,35837261.91,shares,0
2024-07-16,29.2,29.56,28.9,29.51,29.3,1248435,36566212.79,shares,0
2024-07-17,29.53,29.81,29.13,29.16,29.51,1344375,39577835.97,shares,0
2024-07-18,29.0,29.62,28.6,29.55,29.16,1766450,51488120.67,shares,0
2024-07-19,29.21,30.4,29.21,29.92,29.55,2311328,69367315.59,shares,0
2024-07-22,29.94,30.44,29.66,29.97,29.92,1680130,50553528.53,shares,0
2024-07-23,30.0,30.28,28.71,28.78,29.97,1624209,48082556.7,shares,0
2024-07-24,28.68,28.9,27.5,27.74,28.78,2462088,68995107.69,shares,0
2024-07-25,27.7,27.96,27.27,27.54,27.74,1213394,33482984.97,shares,0
2024-07-26,27.4,28.25,27.4,28.18,27.54,1249945,35078304.66,shares,0
2024-07-29,28.08,28.48,28.08,28.22,28.18,887719,25100750.91,shares,0
2024-07-30,28.22,28.52,27.85,28.1,28.22,741133,20834763.07,shares,0
2024-07-31,28.1,29.35,27.8,29.3,28.1,1638954,47208853.99,shares,0
2024-08-01,29.17,30.03,29.17,29.8,29.3,1795702,53516747.8,shares,0
2024-08-02,29.56,29.89,29.01,29.01,29.8,1003439,29563422.52,shares,0
2024-08-05,28.81,29.1,27.42,27.44,29.01,2542695,71378729.61,shares,0
2024-08-06,27.8,27.98,27.43,27.91,27.44,1401617,38795370.42,shares,0
2024-08-07,27.72,28.09,27.66,27.68,27.91,918138,25606345.41,shares,0
2024-08-08,27.66,27.92,27.17,27.5,27.68,908800,25015086.51,shares,0
2024-08-09,27.53,28.04,27.45,27.47,27.5,665956,18431155.38,shares,0
2024-08-12,27.6,27.84,27.2,27.65,27.47,816749,22515590.46,shares,0
2024-08-13,27.66,27.86,27.46,27.79,27.65,520496,14403970.65,shares,0
2024-08-14,28.15,28.15,27.18,27.24,27.79,703289,19317046.89,shares,0
2024-08-15,27.24,27.68,26.92,27.39,27.24,765537,20922088.6,shares,0
2024-08-16,27.32,27.46,26.89,26.91,27.39,1062885,28760942.2,shares,0
2024-08-19,26.62,27.28,26.61,26.88,26.91,569557,15361286.82,shares,0
2024-08-20,26.99,26.99,26.38,26.41,26.88,540659,14391263.08,shares,0
2024-08-21,26.4,26.54,26.0,26.33,26.41,497579,13095219.08,shares,0
2024-08-22,26.37,26.48,26.12,26.21,26.33,535551,14060061.92,shares,0
2024-08-23,26.21,26.35,25.69,26.27,26.21,547992,14344247.04,shares,0
2024-08-26,26.45,26.59,26.09,26.22,26.27,643066,16915120.65,shares,0
2024-08-27,25.98,26.17,25.34,25.43,26.22,866027,22195177.9,shares,0
2024-08-28,25.3,25.83,25.2,25.73,25.43,752422,19235257.74,shares,0
2024-08-29,25.57,26.34,25.52,26.25,25.73,754686,19690156.88,shares,0
2024-08-30,26.12,27.04,26.12,26.66,26.25,1057254,28265612.42,shares,0
2024-09-02,26.67,26.83,25.8,25.86,26.66,820140,21546993.74,shares,0
2024-09-03,26.77,27.3,26.49,26.6,25.86,2175405,58399596.2,shares,0
2024-09-04,26.31,26.79,26.05,26.49,26.6,1232412,32605084.55,shares,0
2024-09-05,26.52,26.86,25.8,26.0,26.49,1366603,35746971.63,shares,0
2024-09-06,25.9,26.0,25.3,25.3,26.0,935663,23887266.24,shares,0
2024-09-09,25.3,25.44,25.04,25.15,25.3,509390,12861536.3,shares,0
2024-09-10,25.15,25.55,24.8,25.42,25.15,803128,20229077.56,shares,0
2024-09-11,25.12,25.51,25.11,25.44,25.42,495429,12575661.25,shares,0
2024-09-12,25.44,25.65,25.19,25.32,25.44,633051,16100009.09,shares,0
2024-09-13,25.22,25.53,25.12,25.18,25.32,619442,15702142.81,shares,0
2024-09-18,25.09,25.38,24.81,25.25,25.18,595569,14928486.17,shares,0
2024-09-19,25.41,25.68,24.83,25.2,25.25,1071997,27092460.53,shares,0
2024-09-20,25.2,25.35,24.92,25.05,25.2,587888,14752366.27,shares,0
2024-09-23,24.99,25.18,24.61,24.88,25.05,512481,12745475.65,shares,0
2024-09-24,25.01,25.98,24.9,25.84,24.88,1294178,33096800.28,shares,0
2024-09-25,26.0,26.67,25.9,25.94,25.84,1470487,38645574.96,shares,0
2024-09-26,25.93,26.86,25.78,26.83,25.94,1449028,38090628.83,shares,0
2024-09-27,27.28,28.35,27.05,28.25,26.83,1487515,41204695.44,shares,0
2024-09-30,29.5,31.9,28.78,31.5,28.25,9558563,293455673.33,shares,0
2024-10-08,37.59,37.59,33.62,36.43,31.5,13557509,486820019.54,shares,0
2024-10-09,35.0,36.16,32.8,32.81,36.43,8929640,308746214.28,shares,0
2024-10-10,33.17,36.94,32.42,34.36,32.81,9159213,317062501.48,shares,0
2024-10-11,33.0,33.35,30.41,31.0,34.36,6991550,222934900.76,shares,0
2024-10-14,31.0,31.8,30.12,31.75,31.0,4996856,155552928.06,shares,0
2024-10-15,31.39,31.85,30.51,30.53,31.75,4126953,129028080.85,shares,0
2024-10-16,30.12,30.56,29.42,29.51,30.53,3913858,117196067.19,shares,0
2024-10-17,29.9,30.28,29.5,29.53,29.51,2900940,86744643.48,shares,0
2024-10-18,29.5,32.78,29.43,31.77,29.53,7662302,239064871.36,shares,0
2024-10-21,32.55,33.85,31.8,33.0,31.77,7233608,237986743.15,shares,0
2024-10-22,33.07,33.11,31.96,32.35,33.0,5299153,171765089.13,shares,0
2024-10-23,32.13,33.07,31.83,32.27,32.35,3556054,115207176.99,shares,0
2024-10-24,32.17,32.55,31.84,32.32,32.27,3098555,99770707.72,shares,0
2024-10-25,32.17,33.2,32.15,32.7,32.32,3644644,119130672.96,shares,0
2024-10-28,32.7,33.19,32.32,32.95,32.7,2964553,97341879.61,shares,0
2024-10-29,33.19,33.59,32.67,32.96,32.95,4491821,148598219.02,shares,0
2024-10-30,32.76,32.82,31.77,32.07,32.96,3474653,112241452.95,shares,0
2024-10-31,31.79,32.4,31.42,32.24,32.07,4263163,136224539.44,shares,0
2024-11-01,32.19,32.37,31.06,31.1,32.24,3395755,107724387.6,shares,0
2024-11-04,31.1,31.72,31.0,31.52,31.1,1842330,57986155.14,shares,0
2024-11-05,31.46,33.17,31.44,33.11,31.52,5096775,165480779.63,shares,0
2024-11-06,33.45,34.33,33.03,33.3,33.11,4486210,150744888.74,shares,0
2024-11-07,33.29,34.12,33.02,34.0,33.3,4097093,137753921.99,shares,0
2024-11-08,34.58,35.65,33.8,34.68,34.0,4809350,167304131.69,shares,0
2024-11-11,35.0,36.3,34.8,36.24,34.68,7519379,269447438.32,shares,0
2024-11-12,36.24,36.83,35.3,35.68,36.24,6237168,225464905.95,shares,0
2024-11-13,35.21,35.91,34.68,35.57,35.68,4112566,145182815.12,shares,0
2024-11-14,35.57,35.57,33.95,33.98,35.57,3900685,135050234.68,shares,0
2024-11-15,33.71,34.39,32.32,32.43,33.98,3641440,121485540.75,shares,0
2024-11-18,32.88,32.89,31.35,31.54,32.43,3601586,115576798.8,shares,0
2024-11-19,31.54,32.55,31.3,32.52,31.54,2889253,92459785.45,shares,0
2024-11-20,32.51,34.66,32.0,33.8,32.52,5051241,168972930.2,shares,0
2024-11-21,33.8,33.8,32.55,33.01,33.8,3562083,118390578.64,shares,0
2024-11-22,32.99,33.26,31.15,31.19,33.01,3512708,112899929.11,shares,0
2024-11-25,31.38,31.6,30.73,31.43,31.19,2529532,78824750.73,shares,0
2024-11-26,31.44,31.63,30.61,30.7,31.43,2089756,64889340.69,shares,0
2024-11-27,30.63,31.27,29.9,31.26,30.7,2624542,80258918.67,shares,0
2024-11-28,31.16,31.63,31.0,31.04,31.26,2850337,89223374.17,shares,0
2024-11-29,30.85,32.05,30.63,31.72,31.04,2763086,86940895.28,shares,0
2024-12-02,31.66,32.26,31.3,32.2,31.72,4096436,130599430.84,shares,0
2024-12-03,32.15,32.38,31.85,32.02,32.2,2345885,75308199.2,shares,0
2024-12-04,32.32,32.6,31.36,31.4,32.02,2779415,88718323.08,shares,0
2024-12-05,31.29,31.75,31.08,31.26,31.4,1926700,60442415.66,shares,0
2024-12-06,31.27,32.08,30.84,31.96,31.26,2546114,80188576.54,shares,0
2024-12-09,31.95,32.25,31.41,31.81,31.96,2627003,83663209.46,shares,0
2024-12-10,33.56,33.65,32.25,32.35,31.81,3808181,125053702.18,shares,0
2024-12-11,32.73,33.49,32.35,33.13,32.35,3338641,110372307.86,shares,0
2024-12-12,33.21,33.73,32.98,33.46,33.13,4160951,138809943.26,shares,0
2024-12-13,33.36,34.67,32.82,32.82,33.46,9600308,324570743.3,shares,0
2024-12-16,33.35,33.66,32.05,32.23,32.82,3779304,123822351.33,shares,0
2024-12-17,32.34,32.58,31.64,31.76,32.23,2410418,77328748.89,shares,0
2024-12-18,32.04,33.08,31.73,32.52,31.76,3074681,99984768.96,shares,0
2024-12-19,32.08,32.55,31.65,32.37,32.52,2316706,74540703.44,shares,0
2024-12-20,32.26,33.2,32.0,32.62,32.37,2960426,96682902.75,shares,0
2024-12-23,32.55,32.71,31.67,31.67,32.62,2906867,93195323.47,shares,0
2024-12-24,31.47,32.18,30.92,31.33,31.67,2969123,93402981.11,shares,0
2024-12-25,31.27,31.27,30.2,30.5,31.33,3035626,93042204.9,shares,0
2024-12-26,30.54,31.14,30.3,30.34,30.5,2338792,71644987.97,shares,0
2024-12-27,30.34,30.64,29.83,29.88,30.34,3570097,107842272.46,shares,0
2024-12-30,29.81,30.06,29.51,30.01,29.88,1871055,55848466.69,shares,0
2024-12-31,29.98,30.06,29.04,29.04,30.01,2721913,80104056.75,shares,0
2025-01-02,29.0,29.35,27.83,27.99,29.04,2487687,71178774.95,shares,0
2025-01-03,28.05,28.3,27.31,27.46,27.99,2161328,60155331.55,shares,0
2025-01-06,27.36,27.76,27.28,27.48,27.46,1575926,43289597.91,shares,0
2025-01-07,27.48,27.85,27.22,27.67,27.48,1612034,44463496.37,shares,0
2025-01-08,28.22,28.22,26.85,27.57,27.67,2207551,60619110.94,shares,0
2025-01-09,27.2,27.72,27.19,27.3,27.57,1778285,48838726.2,shares,0
2025-01-10,27.38,27.68,26.68,26.7,27.3,2180547,59365634.4,shares,0
2025-01-13,26.47,27.21,26.4,27.16,26.7,1728585,46435723.66,shares,0
2025-01-14,27.14,28.14,27.14,28.05,27.16,2639879,73347807.92,shares,0
2025-01-15,27.93,28.3,27.5,27.68,28.05,1915318,53161453.85,shares,0
2025-01-16,27.8,28.25,27.49,27.75,27.68,1953524,54417708.3,shares,0
2025-01-17,27.7,28.19,27.52,28.0,27.75,1845053,51467453.79,shares,0
2025-01-20,28.14,28.55,28.06,28.11,28.0,1498822,42302944.93,shares,0
2025-01-21,28.12,28.45,27.84,28.08,28.11,1385772,38899730.17,shares,0
2025-01-22,27.9,28.39,27.76,28.02,28.08,1254432,35107613.77,shares,0
2025-01-23,28.27,28.75,28.15,28.15,28.02,2105693,59977302.14,shares,0
2025-01-24,28.1,28.49,28.04,28.41,28.15,1290383,36545027.55,shares,0
2025-01-27,28.57,28.68,28.2,28.2,28.41,1229097,34905621.39,shares,0
2025-02-05,28.56,28.56,28.08,28.22,28.2,1451181,41177016.73,shares,0
2025-02-06,28.24,28.73,27.79,28.7,28.22,3155969,89530054.7,shares,0
2025-02-07,28.7,29.18,28.48,29.0,28.7,3813000,109941408.83,shares,0
2025-02-10,29.01,29.1,28.66,28.96,29.0,2841251,82096382.06,shares,0
2025-02-11,28.96,28.99,28.26,28.44,28.96,2750656,78179630.49,shares,0
2025-02-12,28.33,28.86,28.3,28.81,28.44,2688327,76841094.01,shares,0
2025-02-13,29.0,30.79,28.74,29.75,28.81,7482289,224355075.3,shares,0
2025-02-14,29.88,30.1,29.19,29.55,29.75,5203635,153754226.02,shares,0
2025-02-17,29.85,30.32,29.23,29.56,29.55,4671524,139188935.61,shares,0
2025-02-18,29.58,30.07,29.02,29.08,29.56,3431196,101444879.22,shares,0
2025-02-19,28.99,29.9,28.88,29.86,29.08,3528569,104544979.57,shares,0
2025-02-20,29.97,30.16,29.66,29.94,29.86,3343272,99916028.32,shares,0
2025-02-21,29.82,30.53,29.7,30.19,29.94,4656267,140193994.81,shares,0
2025-02-24,30.2,30.23,29.8,30.14,30.19,3287978,98771912.04,shares,0
2025-02-25,29.88,30.28,29.6,29.77,30.14,3028638,90659804.71,shares,0
2025-02-26,29.78,30.24,29.7,30.19,29.77,3246889,97599097.58,shares,0
2025-02-27,30.25,30.48,29.76,30.24,30.19,3250901,97887733.86,shares,0
2025-02-28,29.9,30.27,29.3,29.36,30.24,3396139,100723425.31,shares,0
2025-03-03,29.55,31.5,29.5,30.6,29.36,6880901,209895860.17,shares,0
2025-03-04,29.98,30.86,29.89,30.64,30.6,5329752,162290130.1,shares,0
2025-03-05,30.64,30.98,30.05,30.35,30.64,3334948,101199454.71,shares,0
2025-03-06,30.36,30.8,30.29,30.47,30.35,4469705,136655145.12,shares,0
2025-03-07,30.47,30.7,30.05,30.18,30.47,3280193,99527162.57,shares,0
2025-03-10,30.15,30.47,30.03,30.23,30.18,2373170,71690300.31,shares,0
2025-03-11,29.86,30.63,29.86,30.45,30.23,2579021,78160817.78,shares,0
2025-03-12,30.5,30.56,30.17,30.21,30.45,2121015,64342760.32,shares,0
2025-03-13,30.25,30.32,29.4,29.71,30.21,3069821,91342903.44,shares,0
2025-03-14,29.7,30.12,29.4,30.1,29.71,2377674,71048112.74,shares,0
2025-03-17,30.19,30.43,30.0,30.21,30.1,1873352,56644403.88,shares,0
2025-03-18,30.21,30.5,30.01,30.15,30.21,1780134,53797016.87,shares,0
2025-03-19,30.11,30.14,29.6,29.79,30.15,1710226,51034437.27,shares,0
2025-03-20,29.87,29.9,29.5,29.59,29.79,1593152,47320561.01,shares,0
2025-03-21,29.5,29.9,29.18,29.24,29.59,2739299,80820747.08,shares,0
2025-03-24,29.02,29.35,28.28,28.66,29.24,2885419,82573090.01,shares,0
2025-03-25,28.81,28.97,28.36,28.7,28.66,1446535,41465374.06,shares,0
2025-03-26,28.73,28.88,28.55,28.56,28.7,1522206,43694949.86,shares,0
2025-03-27,28.55,29.5,28.07,29.2,28.56,3098167,89673639.88,shares,0
2025-03-28,29.16,29.59,28.6,28.64,29.2,2287464,66430061.7,shares,0
2025-03-31,28.64,28.82,28.29,28.55,28.64,1827283,52086546.3,shares,0
2025-04-01,28.55,29.38,28.55,29.01,28.55,2117496,61584639.69,shares,0
2025-04-02,29.38,29.81,29.04,29.37,29.01,2313119,68169758.34,shares,0
2025-04-03,29.0,29.43,28.62,29.05,29.37,2766156,80178053.1,shares,0
2025-04-07,27.86,28.37,24.28,25.24,29.05,5182168,137072479.22,shares,0
2025-04-08,25.32,27.0,25.32,26.61,25.24,4521179,119643905.01,shares,0
2025-04-09,26.24,28.25,25.57,28.0,26.61,5130000,140156792.41,shares,0
2025-04-10,28.21,28.68,27.7,27.75,28.0,4053216,113913562.66,shares,0
2025-04-11,27.95,28.68,27.79,28.3,27.75,3446628,97481045.94,shares,0
2025-04-14,28.4,28.6,28.16,28.23,28.3,2333279,66099271.96,shares,0
2025-04-15,28.2,28.31,27.65,27.99,28.23,1930226,53829044.14,shares,0
2025-04-16,27.85,28.14,27.33,27.81,27.99,1492252,41360038.38,shares,0
2025-04-17,27.63,28.32,27.51,27.97,27.81,1786768,50188334.49,shares,0
2025-04-18,27.98,28.06,27.33,27.53,27.97,1381998,38109123.27,shares,0
2025-04-21,27.58,27.86,27.37,27.68,27.53,1163871,32211173.81,shares,0
2025-04-22,27.7,27.98,27.31,27.7,27.68,1909596,52846800.72,shares,0
2025-04-23,27.97,28.19,27.63,27.8,27.7,1861739,51788273.01,shares,0
2025-04-24,27.72,27.82,27.33,27.55,27.8,1448944,39937931.21,shares,0
2025-04-25,27.44,27.69,27.36,27.51,27.55,1213441,33387616.29,shares,0
2025-04-28,27.42,27.72,27.38,27.5,27.51,1603640,44099847.67,shares,0
2025-04-29,27.6,27.86,27.4,27.75,27.5,1442746,39980846.4,shares,0
2025-04-30,27.7,28.0,27.69,27.89,27.75,1774989,49368341.7,shares,0
2025-05-06,28.0,28.33,27.91,28.23,27.89,1799687,50627239.81,shares,0
2025-05-07,28.5,28.78,28.24,28.37,28.23,2614814,74564229.71,shares,0
2025-05-08,28.37,28.67,28.23,28.47,28.37,1694391,48304034.66,shares,0
2025-05-09,28.46,28.74,28.0,28.2,28.47,1743221,49301797.75,shares,0
2025-05-12,28.37,29.59,28.37,28.88,28.2,3731271,108260972.4,shares,0
2025-05-13,29.1,29.19,28.53,28.62,28.88,2165627,62302370.94,shares,0
2025-05-14,28.69,28.84,28.36,28.53,28.62,1768523,50465036.56,shares,0
2025-05-15,28.48,28.66,28.3,28.39,28.53,1724943,49022821.77,shares,0
2025-05-16,28.45,28.57,28.14,28.24,28.39,1399866,39663427.89,shares,0
2025-05-19,28.23,28.37,27.94,28.28,28.24,1420677,40015482.99,shares,0
2025-05-20,28.34,28.4,28.15,28.39,28.28,1257116,35542714.6,shares,0
2025-05-21,28.3,28.48,28.18,28.36,28.39,1375263,38990466.5,shares,0
2025-05-22,28.2,28.57,28.01,28.14,28.36,1448031,40868148.47,shares,0
2025-05-23,28.11,28.28,27.75,27.84,28.14,1453218,40748793.63,shares,0
2025-05-26,27.82,28.1,27.71,28.0,27.84,824254,23058195.23,shares,0
2025-05-27,27.85,28.22,27.85,28.17,28.0,1059376,29706836.78,shares,0
2025-05-28,28.2,28.28,28.08,28.13,28.17,1140755,32129032.63,shares,0
2025-05-29,28.15,28.41,28.07,28.36,28.13,1729309,48963426.21,shares,0
2025-05-30,28.48,28.49,28.23,28.27,28.36,1242096,35165712.83,shares,0
2025-06-03,28.07,28.52,28.07,28.49,28.27,1737670,49337595.18,shares,0
2025-06-04,28.55,28.56,28.34,28.49,28.49,1501440,42721053.38,shares,0
2025-06-05,28.63,28.63,28.35,28.53,28.49,1522279,43327906.29,shares,0
2025-06-06,28.53,28.71,28.41,28.7,28.53,1472585,42122322.81,shares,0
2025-06-09,28.7,28.99,28.5,28.94,28.7,1783308,51500172.74,shares,0
2025-06-10,29.02,29.05,28.42,28.76,28.94,1863593,53617098.82,shares,0
2025-06-11,28.85,29.05,28.58,28.62,28.76,1996652,57475059.44,shares,0
2025-06-12,28.61,28.73,28.15,28.27,28.62,2609345,74222857.02,shares,0
2025-06-13,28.18,28.47,27.51,27.79,28.27,4315519,120692639.97,shares,0
2025-06-16,27.68,28.05,27.63,27.94,27.79,1662308,46397446.95,shares,0
2025-06-17,27.99,28.06,27.7,27.77,27.94,1405700,39137797.61,shares,0
2025-06-18,27.65,28.1,27.58,27.9,27.77,1515712,42158263.23,shares,0
2025-06-19,27.99,28.09,27.63,27.74,27.9,1536565,42800064.0,shares,0
2025-06-20,27.85,28.23,27.66,27.9,27.74,1666777,46642998.57,shares,0
2025-06-23,27.85,27.98,27.63,27.91,27.9,2294992,63866810.6,shares,0
2025-06-24,27.99,28.27,27.92,28.23,27.91,2956785,83098096.74,shares,0
2025-06-25,28.23,28.53,28.13,28.52,28.23,3634605,102901224.54,shares,0
2025-06-26,28.6,29.2,28.38,28.4,28.52,5517919,158896175.56,shares,0
2025-06-27,28.56,28.72,28.31,28.38,28.4,3930313,111958640.17,shares,0
2025-06-30,28.43,29.29,28.35,28.91,28.38,4673808,134974877.44,shares,0
2025-07-01,28.91,30.6,28.71,30.08,28.91,11259900,337277121.16,shares,0
2025-07-02,30.07,30.26,29.4,29.56,30.08,6511258,193570654.92,shares,0
2025-07-03,29.34,29.71,29.21,29.33,29.39,4144014,121794764.0,shares,0
2025-07-04,29.35,29.45,28.74,28.81,29.33,4668062,135020908.99,shares,0
2025-07-07,28.68,30.29,28.6,29.65,28.81,8143932,240505788.56,shares,0
2025-07-08,29.39,29.9,29.16,29.64,29.65,5700936,168644456.78,shares,0
2025-07-09,29.62,29.73,29.12,29.22,29.64,4400152,129262387.59,shares,0
2025-07-10,29.22,29.29,29.0,29.19,29.22,3319867,96713387.59,shares,0
2025-07-11,29.1,29.69,29.02,29.48,29.19,4777802,140478716.28,shares,0
2025-07-14,29.39,30.08,29.39,29.75,29.48,5275455,157108131.77,shares,0
2025-07-15,29.79,29.94,29.26,29.45,29.75,3797895,112188516.08,shares,0
2025-07-16,29.6,29.92,29.45,29.56,29.45,3363634,99854063.42,shares,0
2025-07-17,29.43,29.95,29.43,29.88,29.56,3429712,101975985.67,shares,0
2025-07-18,30.0,30.1,29.72,29.89,29.88,3041871,90782102.84,shares,0
2025-07-21,30.0,30.16,29.81,30.02,29.89,3680209,110362601.09,shares,0
2025-07-22,29.94,30.35,29.87,30.03,30.02,4738373,142370486.27,shares,0
2025-07-23,30.03,30.05,29.63,29.72,30.03,4371312,130479134.11,shares,0
2025-07-24,29.64,30.09,29.64,30.09,29.72,4456656,133582385.92,shares,0
2025-07-25,30.18,30.59,30.02,30.39,30.09,4531739,137071931.53,shares,0
2025-07-28,30.39,30.51,30.17,30.33,30.39,3571948,108434450.05,shares,0
2025-07-29,30.38,30.6,30.17,30.42,30.33,4087543,124173344.92,shares,0
2025-07-30,30.4,30.91,30.0,30.33,30.42,4585162,139626575.87,shares,0
2025-07-31,30.1,30.36,29.51,29.67,30.33,5454354,163231396.43,shares,0
2025-08-01,29.53,30.0,29.53,29.71,29.67,2829692,84189228.85,shares,0
2025-08-04,29.68,30.5,29.54,30.33,29.71,3353547,100931967.25,shares,0
2025-08-05,30.41,30.57,30.31,30.45,30.33,3249032,98860034.41,shares,0
2025-08-06,31.68,34.56,31.31,32.95,30.45,18734973,616912819.78,shares,0
2025-08-07,32.95,33.39,32.32,32.4,32.95,11014707,359239607.17,shares,0
2025-08-08,33.8,36.2,33.8,34.77,32.4,22313176,780612336.29,shares,0
2025-08-11,36.48,37.88,34.86,35.19,34.77,21605690,772644156.81,shares,0
2025-08-12,36.0,37.98,34.7,37.38,35.19,23288870,842635298.14,shares,0
2025-08-13,41.43,44.86,41.43,44.86,37.38,31040240,1375669240.59,shares,0
2025-08-14,46.62,46.62,40.63,40.63,44.86,38106309,1601051250.37,shares,0
2025-08-15,40.02,42.5,39.51,41.94,40.63,25371740,1054813277.37,shares,0
2025-08-18,41.56,41.8,39.26,40.44,41.94,22964969,925276528.26,shares,0
2025-08-19,40.08,41.51,39.58,39.58,40.44,14283874,576020380.33,shares,0
2025-08-20,39.1,40.48,38.49,40.28,39.58,13267216,521980418.28,shares,0
2025-08-21,40.28,40.58,39.46,39.65,40.28,8789713,350641345.76,shares,0
2025-08-22,39.55,42.58,39.55,41.45,39.65,15115630,622911332.34,shares,0
2025-08-25,42.0,44.1,41.72,41.94,41.45,19671283,842766941.92,shares,0
2025-08-26,42.1,43.19,40.92,42.36,41.94,10617572,445302745.29,shares,0
2025-08-27,42.32,44.56,41.93,42.0,42.36,13499518,586227483.2,shares,0
2025-08-28,42.29,43.5,41.95,43.18,42.0,11886463,507755149.81,shares,0
2025-08-29,43.18,43.2,41.59,42.81,43.18,10516525,444983531.64,shares,0
2025-09-01,42.8,44.0,42.35,43.3,42.81,8552570,368810987.32,shares,0
2025-09-02,42.78,43.29,40.11,40.55,43.3,13201476,541685213.32,shares,0
2025-09-03,40.81,41.91,39.96,40.81,40.55,8684208,355332500.31,shares,0
2025-09-04,40.79,41.28,38.35,38.89,40.81,7954898,316374855.19,shares,0
2025-09-05,39.09,39.93,38.88,39.74,38.89,4381294,173274156.29,shares,0
2025-09-08,39.99,40.73,38.98,40.53,39.74,5792154,229654742.79,shares,0
2025-09-09,40.33,40.49,38.81,38.91,40.53,4568482,179935296.64,shares,0
2025-09-10,39.17,39.71,38.83,39.31,38.91,4060670,159619372.01,shares,0
2025-09-11,39.03,40.55,39.03,40.25,39.31,4541373,181053778.38,shares,0
2025-09-12,40.29,41.33,40.0,40.33,40.25,5490655,223255394.24,shares,0
2025-09-15,40.51,40.98,39.89,40.35,40.33,4445319,179667413.17,shares,0
2025-09-16,40.66,41.64,40.01,41.3,40.35,5515930,226377578.35,shares,0
2025-09-17,41.17,42.4,41.0,42.21,41.3,7023852,293900064.49,shares,0
2025-09-18,41.79,43.5,41.5,42.09,42.21,8779264,373118984.03,shares,0
2025-09-19,41.96,44.98,41.8,43.06,42.09,10282320,447355818.7,shares,0
2025-09-22,43.22,43.8,41.9,42.27,43.06,6831031,290404936.22,shares,0
2025-09-23,42.55,43.88,40.52,43.46,42.27,6858646,287323939.73,shares,0
2025-09-24,42.89,46.8,42.7,45.93,43.46,13317932,599640955.29,shares,0
2025-09-25,45.2,46.4,45.01,45.1,45.93,6420249,291884071.11,shares,0
2025-09-26,44.9,46.68,43.9,44.0,45.1,6945863,312677780.82,shares,0
2025-09-29,44.35,44.9,43.5,43.79,44.0,5367186,236431888.86,shares,0
2025-09-30,43.77,44.58,43.5,43.96,43.79,4496005,198428596.05,shares,0
2025-10-09,44.12,45.67,44.1,44.35,43.96,5582583,250440885.27,shares,0
2025-10-10,44.0,44.69,42.46,42.93,44.35,6159682,265992083.42,shares,0
2025-10-13,39.4,44.2,39.4,43.8,42.93,7159624,309306272.08,shares,0
2025-10-14,43.75,44.06,41.63,41.64,43.8,5841595,249948999.15,shares,0
2025-10-15,41.65,42.56,40.66,42.26,41.64,4484746,186252336.86,shares,0
2025-10-16,42.74,42.74,40.92,40.92,42.26,2687122,111304116.97,shares,0
2025-10-17,40.92,41.25,39.3,39.42,40.92,3671029,146414076.94,shares,0
2025-10-20,39.92,40.48,38.71,39.23,39.42,2759993,108838702.21,shares,0
2025-10-21,39.37,40.19,39.37,40.03,39.23,3304845,131869028.56,shares,0
2025-10-22,39.55,39.99,39.12,39.5,40.03,2513554,99268374.49,shares,0
2025-10-23,39.5,39.77,38.68,39.51,39.5,2610860,102014094.57,shares,0
2025-10-24,39.76,40.64,39.76,40.48,39.51,3880748,156045745.57,shares,0
2025-10-27,40.5,41.49,37.69,38.89,40.48,10830877,423501438.35,shares,0
2025-10-28,38.7,45.38,38.21,45.0,38.89,11491896,470097087.82,shares,0
2025-10-29,48.0,52.4,47.02,47.2,45.0,26662453,1309303585.24,shares,0
2025-10-30,47.0,52.0,47.0,48.81,47.2,24631194,1220957951.9,shares,0
2025-10-31,48.35,49.7,45.88,45.88,48.81,16717774,788687369.07,shares,0
2025-11-03,45.13,48.5,43.21,46.88,45.88,16568907,747808061.42,shares,0
2025-11-04,46.39,47.35,45.08,45.9,46.88,9502960,436817859.41,shares,0
2025-11-05,43.98,46.9,43.58,45.51,45.9,10219965,460738709.06,shares,0
2025-11-06,45.5,46.29,44.38,44.75,45.51,8933524,403894798.5,shares,0
2025-11-07,44.1,47.47,43.81,45.99,44.75,11923058,549386186.33,shares,0
2025-11-10,46.41,47.28,45.05,45.45,45.99,11082825,511388247.22,shares,0
2025-11-11,45.9,46.19,44.3,44.6,45.45,8272754,372861547.16,shares,0
2025-11-12,44.3,44.6,42.44,43.48,44.6,7888182,340273758.03,shares,0
2025-11-13,43.2,45.99,42.99,44.35,43.48,8341343,374435278.9,shares,0
2025-11-14,43.97,43.97,42.01,42.02,44.35,7552091,322856324.14,shares,0
2025-11-17,43.1,45.8,43.1,43.24,42.02,9499132,423875212.18,shares,0
2025-11-18,43.26,45.2,42.24,43.49,43.24,9032373,394868459.56,shares,0
2025-11-19,43.0,45.1,43.0,44.13,43.49,8814707,388117774.92,shares,0
2025-11-20,44.77,44.79,41.56,41.75,44.13,8180148,349925471.53,shares,0
2025-11-21,40.5,42.7,40.0,40.3,41.75,7569139,312385404.95,shares,0
2025-11-24,40.5,41.4,40.02,40.8,40.3,5312062,216479028.65,shares,0
2025-11-25,40.79,41.11,39.89,40.07,40.8,6648676,269314816.82,shares,0
2025-11-26,39.93,40.23,39.27,39.52,40.07,4315013,171386929.55,shares,0
2025-11-27,39.52,40.46,39.47,39.51,39.52,3767601,150544398.5,shares,0
2025-11-28,39.5,40.34,39.1,40.26,39.51,3777752,151061746.44,shares,0
2025-12-01,40.0,41.06,39.91,40.72,40.26,5553325,224502540.19,shares,0
2025-12-02,40.35,40.69,39.7,39.99,40.72,3593931,144000398.48,shares,0
2025-12-03,39.9,39.98,39.22,39.54,39.99,2893801,114223237.83,shares,0
2025-12-04,39.23,39.64,38.7,39.14,39.54,2904052,113473854.48,shares,0
2025-12-05,39.39,39.98,38.72,39.8,39.14,3003707,118749816.41,shares,0
2025-12-08,39.85,40.63,39.85,40.22,39.8,4048000,163297523.26,shares,0
2025-12-09,40.05,40.49,39.5,39.91,40.22,3165760,126668167.76,shares,0
2025-12-10,39.91,39.93,39.26,39.83,39.91,3283005,129892026.42,shares,0
2025-12-11,40.29,40.6,39.26,39.34,39.83,4075844,162455903.93,shares,0
2025-12-12,39.2,40.15,38.88,39.79,39.34,4975699,196408820.77,shares,0
2025-12-15,39.43,41.2,39.41,40.23,39.79,6658443,269488290.89,shares,0
2025-12-16,40.17,42.85,40.17,41.47,40.23,10834239,452196861.54,shares,0
2025-12-17,41.4,41.97,39.91,41.6,41.47,8477232,346902314.65,shares,0
2025-12-18,41.22,41.77,40.65,40.71,41.6,5248240,215258298.35,shares,0
2025-12-19,40.71,40.97,40.05,40.37,40.71,4826844,195013756.28,shares,0
2025-12-22,40.39,41.2,40.12,40.65,40.37,4798726,195963820.61,shares,0
2025-12-23,40.65,41.7,40.56,40.98,40.65,5816718,239801908.3,shares,0
2025-12-24,41.14,42.17,40.78,41.73,40.98,6187006,256478321.31,shares,0
2025-12-25,41.8,42.0,41.32,41.77,41.73,3777374,157438666.82,shares,0
2025-12-26,41.82,41.95,41.45,41.52,41.77,3922475,163621233.89,shares,0
2025-12-29,41.38,41.44,40.43,40.45,41.52,4738026,193647941.23,shares,0
2025-12-30,40.34,40.8,40.05,40.12,40.45,3754153,151407119.37,shares,0
2025-12-31,40.25,40.99,40.11,40.4,40.12,3528051,142898741.35,shares,0
2026-01-05,40.59,42.23,40.59,42.18,40.4,6937987,288997141.93,shares,0
2026-01-06,42.3,43.2,42.01,42.57,42.18,5944651,253080850.91,shares,0
2026-01-07,43.39,45.4,43.21,44.79,42.57,13719308,607985459.1,shares,0
2026-01-08,46.21,48.5,44.88,45.5,44.79,14607960,675893004.0,shares,0
2026-01-09,45.28,45.44,44.06,44.66,45.5,10434554,465671448.16,shares,0
2026-01-12,44.59,45.47,44.12,45.28,44.66,9375749,420781175.29,shares,0
2026-01-13,45.02,45.4,43.51,43.58,45.28,7615055,337038086.23,shares,0
2026-01-14,43.58,44.64,42.92,43.36,43.58,6992765,306202931.52,shares,0
2026-01-15,43.02,45.4,42.77,45.06,43.36,8788686,389080413.27,shares,0
2026-01-16,45.83,47.19,45.3,46.67,45.06,9904790,456572628.16,shares,0
2026-01-19,48.42,51.18,48.2,48.59,46.67,16037290,790628240.89,shares,0
2026-01-20,48.25,48.5,46.72,47.4,48.59,8372632,397217519.98,shares,0
2026-01-21,47.02,49.9,46.93,49.37,47.4,9910734,481459474.15,shares,0
2026-01-22,49.84,50.1,47.7,48.05,49.37,8074366,390742978.91,shares,0
2026-01-23,48.29,48.85,47.91,48.44,48.05,6184946,298986415.76,shares,0
2026-01-26,47.89,48.3,46.8,47.39,48.44,6454961,305544294.98,shares,0
2026-01-27,47.08,48.3,46.27,48.04,47.39,6075542,287737268.73,shares,0
2026-01-28,48.0,48.95,47.67,48.45,48.04,6113831,295146958.99,shares,0
2026-01-29,48.26,48.5,45.92,45.95,48.45,5320502,250041969.41,shares,0
2026-01-30,45.89,46.59,44.28,45.21,45.95,4987558,225856855.19,shares,0
2026-02-02,44.85,45.49,42.3,42.3,45.21,5510937,238477735.25,shares,0
2026-02-03,42.8,43.44,42.39,43.33,42.3,3633377,156259882.6,shares,0
2026-02-04,42.94,43.19,41.93,42.38,43.33,3408471,144822810.86,shares,0
2026-02-05,42.1,42.44,41.13,42.3,42.38,3446391,144069823.08,shares,0
2026-02-06,42.24,42.75,41.64,42.02,42.3,3472006,146890513.8,shares,0
2026-02-09,45.58,46.55,44.13,44.44,42.02,8522788,382972869.61,shares,0
2026-02-10,44.68,45.49,44.3,44.69,44.44,5971976,267692202.92,shares,0
2026-02-11,44.66,45.36,44.19,44.34,44.69,3706291,165877796.88,shares,0
2026-02-12,44.17,44.78,44.1,44.5,44.34,3646740,162125169.02,shares,0
2026-02-13,44.5,45.35,43.84,43.84,44.5,5118404,228475192.74,shares,0
2026-02-24,44.8,45.35,44.0,44.66,43.84,4885422,219236806.42,shares,0
2026-02-25,44.66,50.97,44.66,50.97,44.66,19282437,936854880.93,shares,0
2026-02-26,48.65,49.5,47.82,49.28,50.97,13522875,657910396.95,shares,0
2026-02-27,48.89,49.2,47.61,48.59,49.28,7342383,355910153.66,shares,0
2026-03-02,48.96,49.48,48.15,48.59,48.59,8941128,435298743.81,shares,0
2026-03-03,48.5,49.17,46.63,46.73,48.59,9270894,442226750.14,shares,0
2026-03-04,46.06,47.44,44.9,45.23,46.73,7775038,358004996.92,shares,0
2026-03-05,46.06,46.96,44.81,45.45,45.23,6537846,300925754.5,shares,0
2026-03-06,45.35,46.12,44.72,45.53,45.45,4895219,223116768.65,shares,0
2026-03-09,45.08,45.1,42.9,44.14,45.53,7039872,308858419.44,shares,0
2026-03-10,44.81,45.15,43.82,44.58,44.14,5888080,262042255.69,shares,0
2026-03-11,44.6,46.55,44.58,45.4,44.58,7288127,331960829.05,shares,0
2026-03-12,45.46,46.88,44.51,46.05,45.4,10605726,487007129.1,shares,0
2026-03-13,46.51,47.68,44.65,45.85,46.05,12228148,560146503.27,shares,0
2026-03-16,45.77,46.52,43.9,44.56,45.85,10354160,466289062.56,shares,0
2026-03-17,44.61,44.63,42.2,42.2,44.56,8798649,378163180.31,shares,0
2026-03-18,42.4,42.5,41.57,42.12,42.2,4814065,202107166.22,shares,0
2026-03-19,41.85,43.88,41.14,42.24,42.12,8704823,370481632.23,shares,0
2026-03-20,41.9,44.15,41.5,41.66,42.24,8355975,357773981.69,shares,0
2026-03-23,41.12,44.1,41.08,42.08,41.66,11267059,481258892.19,shares,0
2026-03-24,42.14,42.5,40.08,41.11,42.08,8870153,362224264.44,shares,0
2026-03-25,40.8,41.94,40.75,41.18,41.11,5952455,245778977.87,shares,0
2026-03-26,41.17,41.75,40.66,40.83,41.18,5099217,210025643.48,shares,0
2026-03-27,40.8,43.18,40.57,42.58,40.83,6763451,284507685.73,shares,0
2026-03-30,42.6,44.0,42.26,43.84,42.58,6864178,296836348.73,shares,0
2026-03-31,43.2,43.59,42.5,42.56,43.84,5070684,217931672.69,shares,0
2026-04-01,43.36,43.51,42.61,42.95,42.56,3185874,136593312.53,shares,0
2026-04-02,42.53,43.68,42.26,42.68,42.95,3544746,152085661.4,shares,0
2026-04-03,46.46,51.22,45.46,51.22,42.68,30482002,1496903946.57,shares,0
2026-04-07,51.98,54.5,50.98,53.27,51.22,30730751,1617768034.42,shares,0
2026-04-08,52.81,54.47,50.7,54.47,53.27,23717978,1243912236.93,shares,0
2026-04-09,54.47,60.98,54.01,57.51,54.47,23727489,1373843006.03,shares,0
2026-04-10,58.66,62.74,58.66,60.45,57.51,21608544,1316245751.44,shares,0
2026-04-13,61.05,64.67,59.8,60.83,60.45,20070393,1229077994.57,shares,0
2026-04-14,60.84,62.42,59.2,61.11,60.83,15517750,947445396.44,shares,0
2026-04-15,61.8,62.41,59.7,60.14,61.11,13716448,831671464.36,shares,0
2026-04-16,60.0,66.0,58.12,63.51,60.14,20347984,1286379193.45,shares,0
2026-04-17,64.06,66.52,63.25,64.31,63.51,16205813,1048480057.06,shares,0
2026-04-20,67.8,69.45,65.09,67.57,64.31,19943649,1337492687.65,shares,0
2026-04-21,66.41,71.08,63.01,69.3,67.57,27120662,1833958711.51,shares,0
2026-04-22,69.3,74.07,66.16,70.1,69.3,25712924,1773025748.85,shares,0
2026-04-23,71.04,73.74,69.9,70.81,70.1,21033230,1497820780.89,shares,0
2026-04-24,72.49,78.92,71.2,73.08,70.81,25307915,1877051562.47,shares,0
2026-04-27,73.5,78.5,71.17,71.4,73.08,27562535,2042034185.11,shares,0
2026-04-28,71.9,76.39,69.65,74.02,71.4,25945798,1894261235.39,shares,0
2026-04-29,73.46,79.65,72.8,76.11,74.02,19037504,1458899396.97,shares,0
2026-04-30,79.38,87.77,78.34,80.35,76.11,26939500,2197853488.56,shares,0
2026-05-06,82.0,82.5,76.81,77.25,80.35,27585096,2172294300.12,shares,0
2026-05-07,76.2,80.06,75.1,78.0,77.25,19907638,1552429631.3,shares,0
2026-05-08,77.17,81.8,77.17,79.84,78.0,16942289,1356125558.53,shares,0
2026-05-11,82.6,95.81,81.13,95.81,79.84,27890302,2521595178.53,shares,0
2026-05-12,100.6,101.9,95.08,98.0,95.81,26651091,2606373260.11,shares,0
2026-05-13,97.65,117.6,94.65,117.6,98.0,29723344,3076460195.11,shares,0
2026-05-14,132.0,141.12,131.71,141.12,117.6,26966214,3767654583.09,shares,0
2026-05-15,139.53,151.0,136.9,145.55,141.12,32499384,4704174711.87,shares,0
2026-05-18,141.36,147.64,131.0,135.9,145.55,23001620,3173965448.64,shares,0
2026-05-19,131.5,134.88,118.4,126.13,135.9,20932831,2621253778.64,shares,0
2026-05-20,126.48,149.49,124.68,141.58,126.13,24785010,3351181464.64,shares,0
2026-05-21,140.0,141.11,127.51,127.87,141.58,17980423,2415205516.85,shares,0
2026-05-22,129.3,135.88,129.3,130.72,127.87,13976865,1846904086.89,shares,0
2026-05-25,131.0,135.8,122.0,134.33,130.72,18333002,2369177599.01,shares,0
2026-05-26,131.1,143.88,128.0,142.0,134.33,16708208,2315535389.61,shares,0
2026-05-27,144.0,165.47,139.0,155.0,142.0,19603380,3007315829.76,shares,0
2026-05-28,154.0,175.38,154.0,174.66,155.0,16052375,2706086185.7,shares,0
2026-05-29,182.0,182.5,164.01,174.66,174.66,15983750,2779463847.72,shares,0
2026-06-01,185.1,198.66,166.31,169.99,174.66,20660189,3854712283.52,shares,0
2026-06-02,173.39,196.58,173.39,192.0,169.99,23203512,4268286889.79,shares,0
2026-06-03,192.0,201.99,178.77,182.66,192.0,26039800,4844921730.2,shares,0
2026-06-04,199.59,219.19,193.9,219.19,182.66,20021258,4226903905.57,shares,0
2026-06-05,229.0,243.03,219.14,231.11,219.19,25462585,5885463710.82,shares,0
2026-06-08,231.0,265.5,230.68,252.18,231.11,24853927,6270519087.58,shares,0
2026-06-09,247.0,262.96,239.99,250.82,252.18,17801766,4467261471.96,shares,0
2026-06-10,263.0,298.9,263.0,292.0,250.82,17700690,4995813346.82,shares,0
2026-06-11,308.06,349.8,289.0,349.8,292.0,20979163,6724663037.03,shares,0
2026-06-12,327.0,336.93,279.88,302.0,349.8,28442317,8786424758.87,shares,0
2026-06-15,310.0,318.92,280.04,318.3,302.0,20332969,6207388018.87,shares,0
2026-06-16,326.0,365.0,318.5,323.0,318.3,23216993,7990662228.39,shares,0
2026-06-17,310.0,340.0,300.33,339.7,322.8,18737656,6091782381.19,shares,0
2026-06-18,332.0,365.0,323.36,364.0,339.7,15631003,5364485786.63,shares,0
2026-06-22,368.0,399.5,366.0,389.99,364.0,17544098,6728036478.53,shares,0
2026-06-26,406.5,416.99,370.0,385.6,389.99,18266399,7283403467.29,shares,0
2026-06-29,365.15,393.0,312.19,370.0,385.6,21606262,7693776285.95,shares,0
2026-06-30,355.0,363.0,331.88,349.99,370.0,15339854,5359721038.45,shares,0
2026-07-01,349.99,386.0,347.5,378.61,349.99,14947898,5569781048.97,shares,0
2026-07-02,353.0,399.99,350.13,365.0,378.61,14999270,5701136735.05,shares,0
2026-07-03,358.0,369.91,319.3,330.14,365.0,13028575,4472339229.75,shares,0
2026-07-06,335.0,344.0,301.06,302.8,330.14,13344977,4335413780.0,shares,0
2026-07-07,290.0,319.9,280.59,315.99,302.8,15021151,4411156960.96,shares,0
2026-07-08,313.0,339.99,309.0,331.0,315.99,15259757,5000318009.88,shares,0
2026-07-09,344.0,370.0,328.6,363.6,331.0,14017581,4854939091.74,shares,0
2026-07-10,341.0,352.99,291.8,293.99,363.6,19870666,6477248048.95,shares,0
2026-07-13,285.0,309.78,237.33,244.5,293.99,22151297,5858644376.05,shares,0
2026-07-14,239.0,256.88,222.0,248.34,244.5,17231432,4175265093.37,shares,0
2026-07-15,251.57,258.8,233.33,250.35,248.34,14313541,3551096393.24,shares,0
2026-07-16,240.0,262.99,231.5,255.0,250.35,13997884,3514514037.01,shares,0
2026-07-17,252.0,274.99,239.7,251.0,255.0,17382181,4533555074.5,shares,0
2026-07-20,252.0,257.99,200.8,200.8,251.0,18016878,3999548199.01,shares,0
2026-07-21,192.48,215.0,161.37,212.0,200.8,27227310,5087864502.9,shares,0
2026-07-22,197.0,225.0,192.26,210.0,212.0,22098806,4581546727.18,shares,0
2026-07-23,211.2,219.86,205.0,215.0,210.0,14013885,3011741574.84,shares,0
2026-07-24,213.0,256.8,213.0,245.67,215.0,24013641,5711307237.16,shares,0
2026-07-27,247.63,293.0,246.79,284.94,245.67,24131018,6544430222.45,shares,0
2026-07-28,276.0,292.8,265.01,275.8,284.94,23824314,6660888021.61,shares,0
2026-07-29,274.26,304.8,266.66,301.17,275.8,27993323,8049608663.02,shares,0
2026-07-30,295.15,310.72,268.0,284.64,301.17,25926538,7393992014.97,shares,0
2026-07-31,310.63,326.0,260.97,266.0,284.64,28712569,8576792012.28,shares,0
2026-08-03,258.6,274.3,230.4,247.99,266.0,23365512,5809700923.31,shares,0
2026-08-04,250.0,258.5,241.08,253.1,247.99,20596861,5172587161.79,shares,0
2026-08-05,256.0,286.66,256.0,286.32,253.1,24956306,6874414253.75,shares,0
2026-08-06,278.0,325.25,272.0,308.0,286.32,30785196,9257525686.55,shares,0
2026-08-07,304.0,316.0,299.0,316.0,308.0,25262152,7784014835.31,shares,0
2026-08-10,310.46,333.98,296.71,325.3,316.0,24017292,7593813070.56,shares,0
2026-08-11,318.0,334.0,311.11,311.11,325.3,19768316,6381269612.28,shares,0
2026-08-12,313.0,316.0,301.36,307.35,311.11,17987938,5536022061.8,shares,0
2026-08-13,310.0,318.66,295.0,295.49,307.35,19650290,6007298030.85,shares,0
2026-08-14,300.0,305.92,295.81,300.96,295.49,14563960,4372464197.67,shares,0
2026-08-17,297.0,313.88,288.01,310.11,300.96,23258187,7001847783.28,shares,0
2026-08-18,310.0,310.0,284.8,290.28,310.11,22921604,6751613244.95,shares,0
2026-08-19,279.9,294.88,274.18,275.33,290.28,18943795,5368584473.2,shares,0
2026-08-20,280.0,280.0,256.0,260.88,275.33,19240703,5098594241.5,shares,0
2026-08-21,261.5,274.99,256.57,263.09,260.88,14649013,3885688039.25,shares,0
2026-08-24,255.0,261.6,243.0,250.08,263.09,14538777,3638581024.86,shares,0
2026-08-25,242.88,250.8,238.0,247.0,250.08,10882175,2661538604.09,shares,0
2026-08-26,249.0,249.0,240.58,242.1,247.0,9310690,2273987826.39,shares,0
2026-08-27,244.96,259.22,242.81,258.5,242.1,15606084,3939337672.05,shares,0
2026-08-28,257.01,263.8,249.1,249.1,258.5,11967741,3064382196.88,shares,0
2026-08-31,240.71,259.94,240.71,259.94,249.1,13464429,3374900098.66,shares,0
2026-09-01,255.88,256.0,236.03,237.02,259.94,13953897,3363510641.38,shares,0
2026-09-02,232.1,235.5,227.77,232.0,237.02,9555121,2210976803.57,shares,0
2026-09-03,233.99,234.26,228.02,231.89,232.0,7263292,1680796435.83,shares,0
2026-09-04,235.0,238.5,225.4,227.04,231.89,8777887,2031038184.98,shares,0
2026-09-07,230.5,235.4,228.0,234.01,227.04,9505667,2211586345.96,shares,0
2026-09-08,236.0,241.03,227.58,228.36,234.01,10267004,2400198495.3,shares,0
2026-09-09,228.53,235.0,224.08,225.7,228.36,9618912,2199017811.94,shares,0
2026-09-10,224.53,227.99,222.22,224.8,225.7,7279873,1638483475.75,shares,0
2026-09-11,221.0,226.8,215.71,226.35,224.8,9767929,2161649727.36,shares,0
2026-09-14,219.63,222.3,216.0,218.14,226.35,9113455,1992376775.22,shares,0
2026-09-15,219.0,234.99,217.77,227.99,218.14,13694134,3118341321.2,shares,0
2026-09-16,229.1,238.5,223.1,235.58,227.99,14187063,3298801472.39,shares,0
2026-09-17,232.96,237.62,225.55,225.9,235.58,12495597,2873447166.23,shares,0
2026-09-18,230.44,242.67,226.26,239.2,225.9,17335835,4079030866.69,shares,0
2026-09-21,243.08,246.98,234.52,238.03,239.2,14019448,3349658012.61,shares,0
2026-09-22,238.99,241.0,213.18,214.61,238.03,23589706,5309035631.37,shares,0
2026-09-23,216.24,219.57,213.0,217.4,214.61,12127876,2628746420.27,shares,0
2026-09-24,214.51,219.21,212.56,212.99,217.4,7941266,1709388168.41,shares,0
